file_name,NOSE_x,NOSE_y,NOSE_score,LEFT_EYE_x,LEFT_EYE_y,LEFT_EYE_score,RIGHT_EYE_x,RIGHT_EYE_y,RIGHT_EYE_score,LEFT_EAR_x,LEFT_EAR_y,LEFT_EAR_score,RIGHT_EAR_x,RIGHT_EAR_y,RIGHT_EAR_score,LEFT_SHOULDER_x,LEFT_SHOULDER_y,LEFT_SHOULDER_score,RIGHT_SHOULDER_x,RIGHT_SHOULDER_y,RIGHT_SHOULDER_score,LEFT_ELBOW_x,LEFT_ELBOW_y,LEFT_ELBOW_score,RIGHT_ELBOW_x,RIGHT_ELBOW_y,RIGHT_ELBOW_score,LEFT_WRIST_x,LEFT_WRIST_y,LEFT_WRIST_score,RIGHT_WRIST_x,RIGHT_WRIST_y,RIGHT_WRIST_score,LEFT_HIP_x,LEFT_HIP_y,LEFT_HIP_score,RIGHT_HIP_x,RIGHT_HIP_y,RIGHT_HIP_score,LEFT_KNEE_x,LEFT_KNEE_y,LEFT_KNEE_score,RIGHT_KNEE_x,RIGHT_KNEE_y,RIGHT_KNEE_score,LEFT_ANKLE_x,LEFT_ANKLE_y,LEFT_ANKLE_score,RIGHT_ANKLE_x,RIGHT_ANKLE_y,RIGHT_ANKLE_score,class_no,class_name
chair\girl1_chair070.jpg,158.0,91.0,0.48621628,159.0,86.0,0.5670076,154.0,86.0,0.47173142,155.0,87.0,0.57623446,144.0,87.0,0.69680995,158.0,106.0,0.65575707,139.0,108.0,0.64299476,169.0,73.0,0.5975267,141.0,74.0,0.6685486,175.0,54.0,0.57364255,143.0,53.0,0.40725663,158.0,172.0,0.72845376,142.0,172.0,0.75700355,174.0,220.0,0.6524604,166.0,223.0,0.6592032,152.0,259.0,0.5017369,148.0,262.0,0.5362249,0,chair
chair\girl1_chair075.jpg,165.0,100.0,0.6745025,165.0,95.0,0.7712472,161.0,95.0,0.7673961,160.0,97.0,0.48981246,150.0,97.0,0.6568295,162.0,115.0,0.6989764,142.0,116.0,0.8431058,174.0,84.0,0.5672776,147.0,83.0,0.6209779,181.0,60.0,0.7251935,152.0,60.0,0.5409982,156.0,178.0,0.79202354,139.0,179.0,0.78719497,180.0,222.0,0.84100956,173.0,226.0,0.8923195,155.0,262.0,0.70186394,152.0,263.0,0.70752645,0,chair
chair\girl1_chair076.jpg,165.0,102.0,0.6403018,166.0,99.0,0.5954759,162.0,98.0,0.70252144,160.0,100.0,0.51669973,151.0,99.0,0.575119,164.0,116.0,0.7434397,143.0,118.0,0.8000721,176.0,86.0,0.6635473,147.0,87.0,0.39881676,183.0,62.0,0.55595315,152.0,58.0,0.49831355,157.0,182.0,0.84316623,139.0,182.0,0.8235785,181.0,224.0,0.7809407,173.0,228.0,0.82862747,156.0,263.0,0.6309038,152.0,264.0,0.6725768,0,chair
chair\girl1_chair080.jpg,175.0,108.0,0.58215755,176.0,103.0,0.5340483,171.0,103.0,0.64210486,170.0,104.0,0.6964726,159.0,103.0,0.7593701,171.0,122.0,0.7284435,149.0,124.0,0.8461721,187.0,89.0,0.7094115,158.0,89.0,0.5707991,196.0,60.0,0.7388108,161.0,66.0,0.7717261,153.0,186.0,0.67566615,138.0,188.0,0.7550618,186.0,226.0,0.84396124,176.0,230.0,0.7363281,158.0,264.0,0.62085474,156.0,265.0,0.651296,0,chair
chair\girl1_chair081.jpg,177.0,109.0,0.5616791,178.0,104.0,0.5837697,173.0,104.0,0.51206696,172.0,105.0,0.67961603,161.0,105.0,0.6927606,172.0,123.0,0.71236974,150.0,125.0,0.83987355,191.0,89.0,0.7213229,159.0,91.0,0.5473528,200.0,66.0,0.72007626,162.0,67.0,0.6790868,155.0,187.0,0.68438345,138.0,189.0,0.7014152,186.0,227.0,0.85100985,176.0,231.0,0.7725749,159.0,265.0,0.7219982,157.0,266.0,0.58794916,0,chair
chair\girl1_chair085.jpg,182.0,114.0,0.76145875,182.0,109.0,0.64925146,176.0,109.0,0.7812038,176.0,109.0,0.73027396,165.0,109.0,0.7677969,176.0,126.0,0.73366493,153.0,129.0,0.6405223,200.0,94.0,0.83953047,158.0,95.0,0.7006761,208.0,75.0,0.4098106,165.0,75.0,0.30787647,155.0,190.0,0.7992294,138.0,193.0,0.69300497,188.0,225.0,0.8451942,175.0,230.0,0.72207236,161.0,265.0,0.68035007,159.0,266.0,0.6808769,0,chair
chair\girl1_chair090.jpg,180.0,118.0,0.73800516,182.0,113.0,0.7949561,174.0,113.0,0.77876675,179.0,113.0,0.7193235,162.0,112.0,0.6768726,178.0,130.0,0.84792477,150.0,132.0,0.80565256,203.0,100.0,0.8470812,154.0,99.0,0.64773834,212.0,80.0,0.5383182,160.0,81.0,0.17938668,159.0,190.0,0.6041006,135.0,192.0,0.6101949,184.0,223.0,0.924438,169.0,226.0,0.87872905,163.0,263.0,0.7584543,156.0,265.0,0.7594539,0,chair
chair\girl1_chair091.jpg,179.0,119.0,0.7516726,181.0,114.0,0.8022045,174.0,114.0,0.8019084,178.0,114.0,0.70392483,161.0,113.0,0.64208496,178.0,131.0,0.81107235,149.0,132.0,0.86940974,203.0,101.0,0.821445,153.0,99.0,0.79658157,212.0,82.0,0.58531964,159.0,82.0,0.20971373,159.0,190.0,0.6235162,134.0,191.0,0.799593,183.0,222.0,0.9440044,167.0,224.0,0.93339527,162.0,264.0,0.67898685,156.0,265.0,0.73883164,0,chair
chair\girl1_chair094.jpg,173.0,117.0,0.655342,177.0,112.0,0.85879076,168.0,111.0,0.7120508,176.0,112.0,0.6859122,157.0,111.0,0.8264731,176.0,129.0,0.67343444,146.0,131.0,0.81861675,201.0,102.0,0.85260993,146.0,100.0,0.70544684,213.0,78.0,0.6920597,152.0,80.0,0.24737853,160.0,187.0,0.8263607,135.0,189.0,0.82277036,179.0,218.0,0.7736116,162.0,220.0,0.94155747,162.0,260.0,0.7309314,153.0,259.0,0.7881925,0,chair
chair\girl1_chair104.jpg,163.0,106.0,0.6952118,168.0,100.0,0.83653265,159.0,100.0,0.8018437,173.0,100.0,0.8101493,152.0,100.0,0.7635444,179.0,115.0,0.8893777,144.0,117.0,0.8570949,197.0,90.0,0.8407662,132.0,91.0,0.8127887,204.0,70.0,0.55944115,135.0,70.0,0.3179017,170.0,172.0,0.8030652,145.0,173.0,0.87058437,171.0,205.0,0.8622253,154.0,204.0,0.93252695,164.0,241.0,0.75197315,155.0,244.0,0.8240659,0,chair
chair\girl1_chair106.jpg,165.0,103.0,0.6641633,169.0,98.0,0.82359284,160.0,98.0,0.85165304,174.0,97.0,0.7734764,153.0,97.0,0.80964106,182.0,113.0,0.8577633,146.0,114.0,0.90687865,199.0,89.0,0.8731344,133.0,89.0,0.8207251,203.0,66.0,0.66637045,132.0,68.0,0.33848435,175.0,170.0,0.846751,149.0,171.0,0.85809773,172.0,202.0,0.87735176,155.0,202.0,0.9110237,167.0,240.0,0.6358394,156.0,240.0,0.83751976,0,chair
chair\girl1_chair107.jpg,164.0,103.0,0.7067106,169.0,98.0,0.8812959,159.0,97.0,0.8408867,176.0,97.0,0.82383955,154.0,96.0,0.657156,182.0,113.0,0.89465076,146.0,115.0,0.85288155,199.0,87.0,0.75856453,133.0,89.0,0.75592536,202.0,67.0,0.6110645,132.0,67.0,0.5091105,176.0,170.0,0.7818731,151.0,171.0,0.88127613,173.0,201.0,0.7730261,155.0,203.0,0.9375956,169.0,239.0,0.7487052,158.0,241.0,0.8100115,0,chair
chair\girl1_chair109.jpg,166.0,101.0,0.80587965,171.0,96.0,0.71642685,161.0,96.0,0.71483505,177.0,96.0,0.6897597,156.0,96.0,0.6875608,184.0,113.0,0.6864872,150.0,113.0,0.87710714,201.0,86.0,0.85764015,134.0,87.0,0.79737073,202.0,67.0,0.4805373,135.0,67.0,0.40974414,181.0,169.0,0.8652907,156.0,170.0,0.8390361,173.0,200.0,0.7450075,156.0,201.0,0.9287553,170.0,238.0,0.6405078,159.0,238.0,0.83710724,0,chair
chair\girl1_chair111.jpg,167.0,102.0,0.6828056,173.0,96.0,0.8202047,163.0,96.0,0.86430204,180.0,97.0,0.7769054,159.0,97.0,0.68195486,186.0,114.0,0.84448135,153.0,113.0,0.9160435,201.0,88.0,0.8825952,136.0,87.0,0.88030505,203.0,66.0,0.6764284,133.0,65.0,0.6765796,186.0,170.0,0.70541537,160.0,170.0,0.70546985,175.0,200.0,0.8255395,158.0,202.0,0.91495514,175.0,239.0,0.6988975,164.0,240.0,0.6795851,0,chair
chair\girl1_chair112.jpg,168.0,102.0,0.46478555,173.0,97.0,0.89616406,163.0,96.0,0.8713414,181.0,97.0,0.8239807,160.0,96.0,0.7811497,187.0,113.0,0.63774097,154.0,113.0,0.8137847,202.0,87.0,0.84955513,136.0,86.0,0.73648703,202.0,65.0,0.3431551,134.0,66.0,0.52370864,188.0,171.0,0.725892,161.0,171.0,0.66770536,175.0,200.0,0.91029704,157.0,201.0,0.83338714,175.0,241.0,0.56868124,165.0,239.0,0.66939116,0,chair
chair\girl1_chair113.jpg,168.0,101.0,0.72920614,173.0,96.0,0.78732884,164.0,96.0,0.86982554,182.0,96.0,0.80307966,161.0,96.0,0.7845837,189.0,112.0,0.5833707,155.0,112.0,0.8243468,202.0,87.0,0.7957338,136.0,87.0,0.9243736,201.0,65.0,0.3774506,133.0,65.0,0.65602744,190.0,171.0,0.8626043,164.0,171.0,0.8073338,176.0,201.0,0.9093349,159.0,201.0,0.8400878,176.0,242.0,0.5819628,165.0,241.0,0.7804308,0,chair
chair\girl1_chair114.jpg,168.0,102.0,0.6673889,173.0,97.0,0.8890717,164.0,97.0,0.6926543,182.0,97.0,0.7170818,162.0,97.0,0.7678919,189.0,114.0,0.8790597,156.0,113.0,0.93286145,202.0,88.0,0.7456379,136.0,87.0,0.7955548,200.0,66.0,0.7215804,132.0,65.0,0.6723857,192.0,170.0,0.6958998,165.0,171.0,0.67119145,177.0,202.0,0.8948972,159.0,203.0,0.8501046,178.0,243.0,0.5303265,167.0,241.0,0.8080735,0,chair
chair\girl1_chair115.jpg,168.0,103.0,0.7825117,174.0,98.0,0.80358875,165.0,97.0,0.80537844,183.0,97.0,0.63094604,163.0,97.0,0.5465715,190.0,114.0,0.8684562,157.0,114.0,0.93089306,202.0,89.0,0.87347245,137.0,89.0,0.9260492,200.0,65.0,0.69607186,131.0,64.0,0.62558734,194.0,171.0,0.6942322,167.0,172.0,0.6361085,177.0,203.0,0.77928305,158.0,203.0,0.8405378,178.0,245.0,0.76277256,167.0,242.0,0.7681439,0,chair
chair\girl1_chair118.jpg,167.0,104.0,0.78658235,172.0,99.0,0.85460997,163.0,99.0,0.7556249,183.0,100.0,0.8744425,163.0,99.0,0.6537855,190.0,118.0,0.7728131,159.0,116.0,0.8722936,200.0,89.0,0.77745724,136.0,92.0,0.82208616,196.0,69.0,0.3567168,130.0,68.0,0.16755006,198.0,175.0,0.76470697,170.0,175.0,0.6565725,176.0,207.0,0.73627305,157.0,206.0,0.6841899,179.0,250.0,0.7716211,168.0,247.0,0.87349963,0,chair
chair\girl1_chair119.jpg,165.0,106.0,0.7462631,171.0,101.0,0.73846483,162.0,100.0,0.7473495,182.0,101.0,0.7521468,163.0,100.0,0.6747838,190.0,119.0,0.66567475,158.0,118.0,0.8474504,198.0,91.0,0.8463296,135.0,93.0,0.8634815,193.0,71.0,0.41438675,127.0,69.0,0.13023093,199.0,177.0,0.76316273,171.0,177.0,0.6509348,175.0,208.0,0.8666967,156.0,207.0,0.7810302,179.0,251.0,0.6729899,167.0,245.0,0.7662597,0,chair
chair\girl1_chair121.jpg,162.0,108.0,0.46474284,167.0,103.0,0.90023184,159.0,102.0,0.8557916,180.0,105.0,0.74381936,163.0,102.0,0.7040659,189.0,124.0,0.7358707,157.0,121.0,0.7651771,194.0,94.0,0.6997646,131.0,93.0,0.8522341,188.0,71.0,0.28764516,124.0,69.0,0.1253306,201.0,180.0,0.9023154,174.0,180.0,0.78906286,173.0,213.0,0.6343593,153.0,211.0,0.8177093,179.0,256.0,0.8063201,169.0,252.0,0.7982122,0,chair
chair\girl1_chair124.jpg,154.0,112.0,0.71536183,160.0,106.0,0.7182554,152.0,105.0,0.8169421,175.0,107.0,0.80330515,156.0,105.0,0.73170525,185.0,127.0,0.7387847,154.0,122.0,0.808516,185.0,94.0,0.8504157,126.0,97.0,0.91757226,175.0,74.0,0.53672415,116.0,71.0,0.37509707,201.0,184.0,0.8834805,174.0,183.0,0.8962001,166.0,217.0,0.8086915,148.0,214.0,0.79807067,174.0,262.0,0.7355193,166.0,256.0,0.7737765,0,chair
chair\girl1_chair129.jpg,139.0,120.0,0.6314201,145.0,113.0,0.6147197,137.0,113.0,0.8190302,159.0,113.0,0.7238902,144.0,112.0,0.6753763,171.0,131.0,0.65929973,144.0,130.0,0.8314668,163.0,99.0,0.6276297,114.0,103.0,0.66288525,149.0,79.0,0.33909893,103.0,77.0,0.67149377,194.0,194.0,0.8838421,171.0,192.0,0.8416495,151.0,223.0,0.6965708,136.0,219.0,0.84211993,166.0,268.0,0.7399201,158.0,265.0,0.9052006,0,chair
chair\girl1_chair131.jpg,133.0,122.0,0.7363617,138.0,116.0,0.88080347,132.0,115.0,0.84924954,152.0,115.0,0.80872846,140.0,112.0,0.7265814,165.0,134.0,0.76164865,143.0,132.0,0.797837,156.0,105.0,0.77647555,110.0,107.0,0.8037806,137.0,81.0,0.7384723,97.0,80.0,0.6347656,191.0,197.0,0.9167216,170.0,196.0,0.8823948,142.0,226.0,0.8634858,130.0,223.0,0.73137194,161.0,270.0,0.79319847,154.0,267.0,0.84518844,0,chair
chair\girl1_chair133.jpg,128.0,125.0,0.76187813,133.0,118.0,0.8128758,128.0,118.0,0.64244175,146.0,118.0,0.7243928,137.0,115.0,0.73176324,160.0,136.0,0.666817,142.0,136.0,0.7629834,146.0,104.0,0.45127958,107.0,108.0,0.7240559,127.0,83.0,0.61927134,93.0,83.0,0.6188002,188.0,200.0,0.8909777,169.0,197.0,0.8911021,138.0,227.0,0.8888942,126.0,223.0,0.7936617,156.0,269.0,0.6569365,152.0,268.0,0.85411763,0,chair
chair\girl1_chair134.jpg,126.0,125.0,0.72592795,131.0,119.0,0.7902963,126.0,118.0,0.5670546,145.0,118.0,0.7806115,136.0,118.0,0.6105068,158.0,137.0,0.7520253,137.0,136.0,0.6763307,146.0,109.0,0.4268354,106.0,109.0,0.6996273,123.0,83.0,0.48031843,92.0,82.0,0.34976372,187.0,201.0,0.90609705,166.0,197.0,0.7819555,136.0,228.0,0.7393372,124.0,223.0,0.7896215,155.0,272.0,0.6764786,150.0,268.0,0.7995717,0,chair
chair\girl1_chair135.jpg,124.0,126.0,0.756807,128.0,120.0,0.6431681,125.0,119.0,0.6494101,142.0,120.0,0.8261093,135.0,118.0,0.78733504,155.0,138.0,0.8091775,138.0,137.0,0.67702645,139.0,108.0,0.3148154,105.0,110.0,0.8582828,116.0,82.0,0.57092464,88.0,82.0,0.7503045,185.0,203.0,0.9419172,167.0,199.0,0.8737035,133.0,229.0,0.8543612,124.0,223.0,0.74986076,152.0,271.0,0.65668505,149.0,268.0,0.85054386,0,chair
chair\girl1_chair138.jpg,120.0,125.0,0.65758455,124.0,119.0,0.7582936,122.0,119.0,0.6532706,137.0,118.0,0.67244184,134.0,118.0,0.73581713,149.0,134.0,0.86302274,134.0,135.0,0.69637483,124.0,105.0,0.5922098,105.0,112.0,0.88713944,105.0,82.0,0.52587026,87.0,83.0,0.7806244,181.0,202.0,0.8425323,165.0,198.0,0.8715,128.0,227.0,0.8845526,121.0,222.0,0.7831245,148.0,270.0,0.5765294,147.0,268.0,0.8261595,0,chair
chair\girl1_chair139.jpg,120.0,122.0,0.56515527,124.0,115.0,0.5389797,122.0,115.0,0.66142356,135.0,116.0,0.7508178,134.0,116.0,0.77686036,148.0,132.0,0.8832642,133.0,134.0,0.6567401,125.0,105.0,0.44342655,106.0,112.0,0.79503834,101.0,80.0,0.5729961,87.0,82.0,0.78680223,179.0,201.0,0.827536,164.0,198.0,0.8450837,126.0,226.0,0.86337554,120.0,222.0,0.8710875,146.0,268.0,0.5028205,146.0,267.0,0.7848332,0,chair
chair\girl1_chair141.jpg,119.0,117.0,0.568519,123.0,110.0,0.5296323,122.0,110.0,0.65697,134.0,111.0,0.6445204,134.0,111.0,0.7878657,147.0,129.0,0.8383566,135.0,129.0,0.7387982,116.0,101.0,0.25056344,105.0,105.0,0.8063377,98.0,75.0,0.4762812,95.0,82.0,0.2770178,177.0,198.0,0.8365489,163.0,194.0,0.8773148,123.0,226.0,0.8560638,118.0,222.0,0.8241793,146.0,266.0,0.730263,146.0,266.0,0.6898826,0,chair
chair\girl1_chair146.jpg,129.0,101.0,0.57495606,132.0,96.0,0.6585425,130.0,97.0,0.51421624,144.0,99.0,0.71758544,142.0,99.0,0.5681764,152.0,115.0,0.7738291,141.0,116.0,0.72252,120.0,92.0,0.24562904,117.0,95.0,0.64884984,104.0,66.0,0.7073135,102.0,69.0,0.48283204,168.0,186.0,0.93626535,155.0,185.0,0.8713165,123.0,222.0,0.7195164,117.0,219.0,0.8065283,148.0,264.0,0.7587825,147.0,262.0,0.5876344,0,chair
chair\girl1_chair149.jpg,133.0,96.0,0.6029708,135.0,92.0,0.6417867,136.0,92.0,0.6549557,147.0,94.0,0.5782228,148.0,94.0,0.72379947,154.0,112.0,0.89725673,149.0,113.0,0.72460693,125.0,86.0,0.39180464,124.0,89.0,0.5756164,110.0,54.0,0.6247021,110.0,54.0,0.6014829,165.0,182.0,0.90396166,156.0,182.0,0.88612956,125.0,222.0,0.7699042,120.0,220.0,0.9073036,149.0,262.0,0.6289787,148.0,262.0,0.6698891,0,chair
chair\girl1_chair151.jpg,134.0,94.0,0.53946865,137.0,89.0,0.73052263,137.0,90.0,0.7691097,149.0,90.0,0.75818723,148.0,93.0,0.6031169,156.0,109.0,0.8333489,149.0,111.0,0.81645554,130.0,80.0,0.42724755,128.0,84.0,0.65097034,118.0,52.0,0.70202285,118.0,51.0,0.43923262,163.0,178.0,0.8951349,156.0,178.0,0.87422407,126.0,220.0,0.7491643,122.0,217.0,0.8241869,149.0,260.0,0.78867143,149.0,260.0,0.66583997,0,chair
chair\girl1_chair153.jpg,136.0,91.0,0.6437285,139.0,87.0,0.78468883,139.0,88.0,0.64845085,152.0,87.0,0.6712971,150.0,90.0,0.69949204,156.0,106.0,0.86586523,149.0,108.0,0.83619356,137.0,77.0,0.3646661,133.0,80.0,0.5657558,128.0,48.0,0.5793805,126.0,48.0,0.43282822,162.0,174.0,0.8784996,155.0,174.0,0.86126506,128.0,220.0,0.6556568,124.0,217.0,0.8995143,152.0,258.0,0.7148893,150.0,260.0,0.60933274,0,chair
chair\girl2_chair070.jpg,144.0,75.0,0.43124986,149.0,72.0,0.5519989,143.0,72.0,0.44696948,156.0,76.0,0.5507908,144.0,74.0,0.51099235,156.0,95.0,0.58695376,150.0,94.0,0.46296117,170.0,64.0,0.81904864,121.0,63.0,0.6018799,167.0,37.0,0.7710717,119.0,37.0,0.7422074,141.0,161.0,0.61934555,161.0,163.0,0.6053538,136.0,216.0,0.54869723,149.0,214.0,0.6640309,147.0,268.0,0.720765,153.0,264.0,0.57526696,0,chair
chair\girl2_chair073.jpg,145.0,79.0,0.41285115,151.0,75.0,0.56016535,142.0,75.0,0.537964,157.0,78.0,0.537088,141.0,77.0,0.33087814,162.0,97.0,0.49696764,137.0,98.0,0.6270657,170.0,65.0,0.6382823,121.0,66.0,0.5142069,167.0,38.0,0.74563307,119.0,38.0,0.5780183,147.0,164.0,0.49727938,159.0,165.0,0.51924396,137.0,214.0,0.45331097,149.0,216.0,0.58786976,148.0,263.0,0.7044402,153.0,264.0,0.7421026,0,chair
chair\girl2_chair074.jpg,147.0,77.0,0.4903596,153.0,74.0,0.49903238,145.0,74.0,0.49098688,159.0,78.0,0.5338519,142.0,78.0,0.5016802,164.0,96.0,0.7483939,137.0,97.0,0.60870796,171.0,66.0,0.6579681,123.0,66.0,0.5818885,167.0,38.0,0.78107893,120.0,39.0,0.5105238,153.0,166.0,0.42454544,155.0,166.0,0.5638283,138.0,215.0,0.5598417,148.0,217.0,0.82984877,149.0,263.0,0.56401557,153.0,263.0,0.7392988,0,chair
chair\girl2_chair077.jpg,148.0,82.0,0.52501386,152.0,77.0,0.5178961,146.0,77.0,0.50251424,156.0,81.0,0.49682352,147.0,81.0,0.54276097,153.0,100.0,0.5316143,164.0,99.0,0.4634009,127.0,72.0,0.39122996,172.0,72.0,0.22320405,167.0,40.0,0.74376506,123.0,41.0,0.5777204,145.0,170.0,0.648458,165.0,172.0,0.72099745,139.0,214.0,0.6676882,154.0,214.0,0.68756765,151.0,262.0,0.70130897,154.0,258.0,0.72407615,0,chair
chair\girl2_chair078.jpg,146.0,81.0,0.48193476,151.0,78.0,0.60910386,144.0,78.0,0.69959027,160.0,83.0,0.68565094,142.0,81.0,0.54982775,166.0,99.0,0.66402066,136.0,100.0,0.5875768,173.0,73.0,0.8596052,126.0,75.0,0.6366403,168.0,43.0,0.7086792,123.0,43.0,0.7446413,155.0,171.0,0.5562019,154.0,172.0,0.68888193,142.0,212.0,0.46869028,150.0,216.0,0.53821254,151.0,261.0,0.47987953,155.0,259.0,0.5555585,0,chair
chair\girl2_chair080.jpg,149.0,83.0,0.4628661,154.0,80.0,0.5683781,147.0,80.0,0.53111094,160.0,84.0,0.6006074,144.0,84.0,0.50926566,167.0,101.0,0.7480689,137.0,103.0,0.66624755,176.0,75.0,0.82879233,125.0,76.0,0.542606,169.0,43.0,0.76298684,125.0,47.0,0.62291616,158.0,172.0,0.48959726,153.0,173.0,0.47962025,144.0,209.0,0.4671305,152.0,214.0,0.5440958,151.0,260.0,0.6138124,157.0,257.0,0.55783045,0,chair
chair\girl2_chair081.jpg,150.0,83.0,0.487806,155.0,80.0,0.5676881,148.0,80.0,0.5052083,161.0,86.0,0.6703996,146.0,85.0,0.45067024,168.0,101.0,0.640532,140.0,102.0,0.68321234,177.0,76.0,0.70224947,126.0,77.0,0.7038157,171.0,47.0,0.8057296,125.0,49.0,0.49946237,151.0,173.0,0.6534635,160.0,174.0,0.6336787,144.0,210.0,0.68805337,158.0,211.0,0.6201036,151.0,258.0,0.5723932,159.0,256.0,0.7923299,0,chair
chair\girl2_chair084.jpg,153.0,89.0,0.4588973,157.0,85.0,0.5599327,150.0,85.0,0.42277098,163.0,90.0,0.6085944,148.0,90.0,0.46561196,167.0,107.0,0.49714357,143.0,108.0,0.4661612,181.0,82.0,0.7903693,127.0,81.0,0.5789211,173.0,52.0,0.68180966,129.0,53.0,0.50624,151.0,175.0,0.5980513,166.0,176.0,0.5834966,148.0,209.0,0.59799504,162.0,210.0,0.5242724,154.0,256.0,0.5255469,162.0,254.0,0.61638266,0,chair
chair\girl2_chair085.jpg,155.0,91.0,0.5271239,159.0,87.0,0.67245823,152.0,87.0,0.50783163,165.0,91.0,0.6460433,149.0,91.0,0.55619216,172.0,107.0,0.7509483,142.0,108.0,0.526378,181.0,82.0,0.7468752,129.0,82.0,0.70219284,176.0,54.0,0.7820358,130.0,55.0,0.5920439,160.0,176.0,0.47047895,158.0,178.0,0.3945769,149.0,208.0,0.49740708,162.0,210.0,0.6784446,156.0,258.0,0.6147367,162.0,254.0,0.6309559,0,chair
chair\girl2_chair087.jpg,157.0,92.0,0.4649459,161.0,89.0,0.35783145,153.0,89.0,0.41895318,167.0,93.0,0.5946449,150.0,93.0,0.50168127,173.0,110.0,0.6615691,144.0,111.0,0.71225256,185.0,85.0,0.82942075,131.0,85.0,0.68124276,178.0,54.0,0.71928555,134.0,57.0,0.49171323,172.0,176.0,0.5366026,152.0,177.0,0.51225907,163.0,207.0,0.37893265,156.0,210.0,0.57515544,159.0,253.0,0.36422214,163.0,252.0,0.4196152,0,chair
chair\girl2_chair090.jpg,163.0,95.0,0.52883226,166.0,92.0,0.46066046,162.0,92.0,0.510463,169.0,96.0,0.30937296,163.0,95.0,0.3799126,158.0,113.0,0.44085196,173.0,112.0,0.32882625,137.0,89.0,0.32663316,190.0,87.0,0.2714792,184.0,57.0,0.63595194,140.0,60.0,0.38879615,154.0,180.0,0.6079978,172.0,181.0,0.6853709,156.0,206.0,0.53344995,174.0,209.0,0.75253713,161.0,254.0,0.45884418,170.0,255.0,0.75900847,0,chair
chair\girl2_chair092.jpg,166.0,98.0,0.42861694,169.0,95.0,0.38915783,165.0,96.0,0.48280853,171.0,99.0,0.34228116,165.0,98.0,0.23695791,169.0,116.0,0.35841984,172.0,115.0,0.27258766,194.0,91.0,0.5981074,141.0,92.0,0.35435843,190.0,63.0,0.4127732,144.0,63.0,0.34480113,156.0,182.0,0.6002884,174.0,182.0,0.4857634,161.0,208.0,0.32384226,179.0,210.0,0.541605,164.0,256.0,0.5191213,173.0,256.0,0.63217294,0,chair
chair\girl2_chair093.jpg,169.0,99.0,0.30914497,173.0,96.0,0.37312186,166.0,96.0,0.44916695,177.0,99.0,0.55800843,161.0,99.0,0.49558496,184.0,116.0,0.7057143,153.0,116.0,0.6583452,196.0,92.0,0.79615843,141.0,92.0,0.5232247,193.0,64.0,0.61209816,146.0,64.0,0.70304286,179.0,180.0,0.5840482,159.0,181.0,0.55790836,176.0,209.0,0.4508824,166.0,212.0,0.4237617,168.0,256.0,0.5013125,173.0,256.0,0.5995927,0,chair
chair\girl2_chair095.jpg,170.0,100.0,0.56384885,174.0,97.0,0.6573716,167.0,96.0,0.68704474,180.0,100.0,0.6753564,162.0,100.0,0.611072,187.0,116.0,0.48328134,154.0,116.0,0.6789314,201.0,93.0,0.67532986,144.0,95.0,0.69359195,197.0,64.0,0.7117013,149.0,70.0,0.6201106,183.0,179.0,0.6960597,160.0,181.0,0.6818683,183.0,212.0,0.72873217,166.0,216.0,0.8838105,177.0,256.0,0.7017263,170.0,255.0,0.5175042,0,chair
chair\girl2_chair100.jpg,177.0,100.0,0.42315078,181.0,97.0,0.56682014,174.0,97.0,0.6483124,184.0,100.0,0.49454525,169.0,99.0,0.4671269,191.0,116.0,0.6360302,159.0,117.0,0.78703165,211.0,95.0,0.7532438,150.0,96.0,0.76720345,209.0,67.0,0.46259102,156.0,74.0,0.51627666,186.0,182.0,0.68302923,164.0,183.0,0.75328946,190.0,214.0,0.73087656,173.0,216.0,0.73948765,183.0,260.0,0.62454706,174.0,263.0,0.70138156,0,chair
chair\girl2_chair102.jpg,179.0,100.0,0.38119614,183.0,97.0,0.55450094,175.0,96.0,0.55463725,187.0,100.0,0.5167412,170.0,99.0,0.44176233,192.0,116.0,0.7173965,161.0,116.0,0.77667534,213.0,93.0,0.6517748,152.0,96.0,0.75981045,212.0,67.0,0.660286,160.0,74.0,0.544846,183.0,184.0,0.66410094,169.0,185.0,0.66334647,187.0,219.0,0.36574954,186.0,216.0,0.32174456,176.0,265.0,0.76456714,183.0,262.0,0.66417766,0,chair
chair\girl2_chair105.jpg,186.0,96.0,0.42195487,188.0,93.0,0.5952062,183.0,92.0,0.6103552,188.0,97.0,0.4933878,176.0,96.0,0.4945282,193.0,115.0,0.5697552,164.0,114.0,0.48907995,214.0,94.0,0.77324927,157.0,93.0,0.59528154,216.0,63.0,0.6627636,165.0,69.0,0.51363915,176.0,186.0,0.4952362,170.0,186.0,0.5132635,181.0,218.0,0.4429085,192.0,213.0,0.47576582,176.0,268.0,0.3902626,183.0,267.0,0.5311902,0,chair
chair\girl2_chair109.jpg,183.0,100.0,0.39169317,179.0,94.0,0.5521897,185.0,95.0,0.60659033,172.0,96.0,0.46223903,184.0,97.0,0.54649276,158.0,116.0,0.74045444,188.0,117.0,0.62926805,155.0,92.0,0.5328788,216.0,91.0,0.60010993,166.0,70.0,0.4587044,219.0,61.0,0.72883034,153.0,193.0,0.5968425,175.0,192.0,0.6317247,177.0,220.0,0.5357979,197.0,209.0,0.7655384,174.0,277.0,0.7646053,183.0,270.0,0.7397099,0,chair
chair\girl2_chair110.jpg,187.0,96.0,0.39138484,186.0,92.0,0.3619177,185.0,93.0,0.4864133,178.0,95.0,0.32907772,176.0,96.0,0.5223115,176.0,116.0,0.37751794,173.0,116.0,0.29933226,215.0,92.0,0.44543168,215.0,90.0,0.28072628,219.0,61.0,0.49419144,219.0,60.0,0.35110632,151.0,193.0,0.49046686,168.0,188.0,0.45479771,176.0,223.0,0.34506416,194.0,211.0,0.46276462,171.0,276.0,0.49151942,180.0,274.0,0.57636505,0,chair
chair\girl2_chair111.jpg,187.0,99.0,0.48518467,184.0,93.0,0.677922,187.0,94.0,0.5838937,174.0,95.0,0.4268809,182.0,97.0,0.5545398,160.0,116.0,0.4558285,181.0,117.0,0.5404801,156.0,92.0,0.38204,214.0,91.0,0.6169822,167.0,76.0,0.14202845,220.0,61.0,0.6649517,151.0,194.0,0.66932243,168.0,193.0,0.49452576,178.0,221.0,0.3530295,195.0,211.0,0.6845516,173.0,278.0,0.64382803,179.0,275.0,0.76071346,0,chair
chair\girl2_chair113.jpg,186.0,98.0,0.35797173,183.0,92.0,0.33815438,187.0,93.0,0.55726826,170.0,95.0,0.5165289,185.0,97.0,0.47958246,156.0,115.0,0.7192331,184.0,118.0,0.5872003,155.0,94.0,0.3658122,215.0,91.0,0.5940593,163.0,78.0,0.2334455,219.0,62.0,0.7549248,144.0,194.0,0.62782764,163.0,192.0,0.523101,177.0,216.0,0.71003354,193.0,211.0,0.70444274,169.0,278.0,0.82103467,178.0,277.0,0.7072425,0,chair
chair\girl2_chair114.jpg,186.0,99.0,0.48215762,183.0,94.0,0.5830581,186.0,95.0,0.62380904,170.0,95.0,0.47821003,182.0,97.0,0.56659937,155.0,115.0,0.6257484,178.0,117.0,0.6140463,154.0,93.0,0.25798446,212.0,92.0,0.6244414,163.0,74.0,0.23912498,219.0,63.0,0.7488357,143.0,194.0,0.5744046,159.0,192.0,0.60517335,176.0,218.0,0.54681253,194.0,212.0,0.70931363,168.0,280.0,0.7584555,176.0,277.0,0.5575241,0,chair
chair\girl2_chair116.jpg,185.0,95.0,0.38263306,179.0,91.0,0.24397743,184.0,92.0,0.3514783,159.0,94.0,0.3316903,177.0,97.0,0.53061426,147.0,117.0,0.5614641,176.0,119.0,0.57865447,150.0,102.0,0.2668001,209.0,93.0,0.5007149,165.0,76.0,0.10892615,218.0,60.0,0.7001035,127.0,200.0,0.6317318,152.0,200.0,0.33495012,172.0,217.0,0.38323575,188.0,212.0,0.6015882,165.0,281.0,0.558638,169.0,283.0,0.66289353,0,chair
chair\girl2_chair117.jpg,183.0,96.0,0.44986066,179.0,92.0,0.28449023,182.0,92.0,0.51361376,158.0,95.0,0.33808368,171.0,97.0,0.52464867,144.0,118.0,0.4867962,174.0,120.0,0.49567804,149.0,103.0,0.24687093,206.0,92.0,0.6484839,161.0,80.0,0.1449205,216.0,59.0,0.7143396,125.0,201.0,0.53156877,149.0,201.0,0.42742705,170.0,220.0,0.45188138,185.0,214.0,0.4756434,164.0,281.0,0.5968208,167.0,283.0,0.63016564,0,chair
chair\girl2_chair118.jpg,181.0,97.0,0.2993414,177.0,92.0,0.37137184,181.0,92.0,0.4541397,156.0,95.0,0.27346534,170.0,98.0,0.4875452,144.0,116.0,0.3648196,169.0,118.0,0.44055358,150.0,97.0,0.16035128,204.0,92.0,0.61878085,214.0,59.0,0.19213614,215.0,59.0,0.740674,125.0,201.0,0.42508465,144.0,198.0,0.41583672,169.0,219.0,0.4597026,183.0,214.0,0.49688265,161.0,286.0,0.5218734,164.0,287.0,0.46616167,0,chair
chair\girl2_chair119.jpg,179.0,97.0,0.3120728,174.0,92.0,0.19148782,177.0,94.0,0.38802946,152.0,97.0,0.33042362,168.0,99.0,0.4848553,140.0,115.0,0.34714812,169.0,118.0,0.4323656,148.0,91.0,0.32705644,203.0,92.0,0.65352154,159.0,74.0,0.31292215,214.0,59.0,0.6664789,120.0,200.0,0.49636334,141.0,199.0,0.49352562,166.0,220.0,0.45916364,180.0,216.0,0.5814665,159.0,287.0,0.6099726,162.0,288.0,0.64908576,0,chair
chair\girl2_chair120.jpg,177.0,99.0,0.4004048,174.0,94.0,0.20973274,177.0,95.0,0.36319712,151.0,98.0,0.3215037,167.0,100.0,0.5131703,137.0,118.0,0.48433602,167.0,118.0,0.5322516,146.0,98.0,0.3646723,201.0,93.0,0.49477535,158.0,78.0,0.18763179,212.0,60.0,0.6133157,121.0,200.0,0.47329816,139.0,201.0,0.35619152,166.0,219.0,0.48733798,179.0,215.0,0.52111405,155.0,288.0,0.61597174,160.0,290.0,0.5889386,0,chair
chair\girl2_chair126.jpg,164.0,105.0,0.44314563,162.0,101.0,0.38421214,163.0,102.0,0.43740195,139.0,105.0,0.31859142,152.0,104.0,0.4318778,122.0,124.0,0.5441163,149.0,123.0,0.48442602,134.0,100.0,0.36599582,184.0,97.0,0.5486881,150.0,82.0,0.4196794,199.0,64.0,0.62014425,94.0,209.0,0.59875447,114.0,211.0,0.5714314,153.0,222.0,0.2903464,162.0,222.0,0.6551504,138.0,291.0,0.6055044,142.0,295.0,0.61644244,0,chair
chair\girl2_chair129.jpg,159.0,105.0,0.4405875,156.0,101.0,0.432412,157.0,102.0,0.5504106,131.0,105.0,0.24543354,145.0,104.0,0.46076417,116.0,128.0,0.67299753,139.0,126.0,0.44459742,126.0,105.0,0.25055808,177.0,99.0,0.42098492,146.0,83.0,0.44722754,192.0,66.0,0.65155464,93.0,211.0,0.509791,105.0,212.0,0.5828434,150.0,221.0,0.48340678,155.0,223.0,0.57993907,130.0,293.0,0.39520347,132.0,297.0,0.47916225,0,chair
chair\girl2_chair130.jpg,157.0,108.0,0.38971192,154.0,104.0,0.3013485,155.0,106.0,0.4766481,130.0,108.0,0.23550141,143.0,108.0,0.4266241,113.0,130.0,0.4910971,136.0,129.0,0.40939254,127.0,106.0,0.1467993,174.0,100.0,0.47026023,145.0,84.0,0.40868032,190.0,65.0,0.5833303,91.0,212.0,0.42976514,100.0,213.0,0.6299558,148.0,224.0,0.5608806,153.0,225.0,0.6134941,127.0,294.0,0.4435379,130.0,297.0,0.48139933,0,chair
chair\girl2_chair134.jpg,144.0,113.0,0.3585313,141.0,109.0,0.33232665,142.0,109.0,0.508578,121.0,109.0,0.23340306,133.0,109.0,0.5046674,106.0,131.0,0.44883862,127.0,131.0,0.4406019,131.0,101.0,0.19963944,163.0,104.0,0.3694508,143.0,86.0,0.4631192,181.0,71.0,0.47430432,78.0,215.0,0.49708286,86.0,216.0,0.61948997,140.0,225.0,0.4166674,143.0,228.0,0.6432879,119.0,296.0,0.39854017,119.0,296.0,0.5591538,0,chair
chair\girl2_chair135.jpg,141.0,116.0,0.48290128,139.0,111.0,0.32087398,140.0,111.0,0.62044007,121.0,111.0,0.25502646,132.0,110.0,0.4366228,102.0,131.0,0.40157717,124.0,131.0,0.5236565,133.0,102.0,0.22090182,158.0,106.0,0.367128,142.0,90.0,0.33122924,177.0,72.0,0.5941363,77.0,216.0,0.43335053,83.0,216.0,0.54354465,139.0,224.0,0.4712892,141.0,228.0,0.6140248,117.0,296.0,0.39626825,116.0,296.0,0.54989517,0,chair
chair\girl2_chair136.jpg,138.0,119.0,0.44898808,136.0,114.0,0.3906092,139.0,114.0,0.42948127,120.0,113.0,0.54148686,132.0,111.0,0.35667259,103.0,133.0,0.5834599,122.0,131.0,0.56288445,137.0,98.0,0.4129259,157.0,106.0,0.548217,142.0,90.0,0.29159832,176.0,70.0,0.539944,74.0,214.0,0.6330764,82.0,214.0,0.54635006,135.0,226.0,0.57506984,141.0,229.0,0.79551077,111.0,295.0,0.5339233,114.0,298.0,0.5710268,0,chair
chair\girl2_chair141.jpg,131.0,107.0,0.418834,128.0,100.0,0.6801848,127.0,101.0,0.6878749,116.0,102.0,0.5290758,115.0,102.0,0.7291992,100.0,123.0,0.802075,106.0,125.0,0.80232644,141.0,96.0,0.53545874,146.0,98.0,0.44849762,155.0,65.0,0.4808184,162.0,66.0,0.6979349,71.0,207.0,0.7439915,75.0,208.0,0.7412692,130.0,230.0,0.6743608,135.0,232.0,0.8086313,104.0,295.0,0.6345884,105.0,297.0,0.57471514,0,chair
chair\girl2_chair142.jpg,128.0,104.0,0.37422627,126.0,98.0,0.46054044,125.0,98.0,0.49341026,114.0,100.0,0.46693218,112.0,100.0,0.59348583,96.0,119.0,0.63382643,105.0,122.0,0.68287915,134.0,89.0,0.5869774,143.0,95.0,0.59695363,152.0,61.0,0.3449133,158.0,62.0,0.55026525,70.0,206.0,0.6677955,75.0,206.0,0.68565226,129.0,232.0,0.46831185,135.0,233.0,0.75345695,103.0,294.0,0.6219666,104.0,297.0,0.5051484,0,chair
chair\girl2_chair143.jpg,125.0,101.0,0.5553889,122.0,95.0,0.5838935,121.0,95.0,0.5689754,110.0,100.0,0.38888305,109.0,99.0,0.5782586,97.0,120.0,0.7577771,104.0,118.0,0.6564083,133.0,87.0,0.6200761,139.0,91.0,0.3222703,148.0,61.0,0.5189406,156.0,62.0,0.6366024,70.0,205.0,0.73483527,76.0,205.0,0.7712977,128.0,233.0,0.77198225,135.0,235.0,0.67731047,101.0,293.0,0.70232683,104.0,296.0,0.67337424,0,chair
chair\girl2_chair146.jpg,115.0,89.0,0.37366182,112.0,85.0,0.34362745,111.0,84.0,0.348124,100.0,91.0,0.1878312,100.0,90.0,0.40102458,90.0,115.0,0.47105432,97.0,113.0,0.41996816,131.0,83.0,0.343279,130.0,83.0,0.36011988,146.0,52.0,0.41169554,147.0,53.0,0.5126784,77.0,196.0,0.4781674,79.0,195.0,0.5842698,129.0,234.0,0.41348866,132.0,235.0,0.37669724,99.0,293.0,0.5457774,101.0,295.0,0.60096824,0,chair
chair\girl2_chair148.jpg,111.0,85.0,0.40082082,108.0,79.0,0.4240415,107.0,79.0,0.3820605,99.0,86.0,0.2845736,97.0,87.0,0.5059405,93.0,110.0,0.44204745,94.0,110.0,0.54873204,123.0,79.0,0.52378243,123.0,79.0,0.4033535,141.0,47.0,0.4562597,143.0,46.0,0.4383171,83.0,192.0,0.5449607,82.0,192.0,0.458158,130.0,234.0,0.4254085,131.0,235.0,0.47693545,100.0,293.0,0.6285956,99.0,295.0,0.60637105,0,chair
chair\girl2_chair149.jpg,110.0,82.0,0.52335864,107.0,78.0,0.4999125,107.0,78.0,0.56724524,98.0,84.0,0.20342603,98.0,84.0,0.37286258,91.0,109.0,0.5765048,93.0,108.0,0.58459336,122.0,76.0,0.42689085,123.0,75.0,0.42516944,136.0,44.0,0.28185463,137.0,44.0,0.44956237,86.0,190.0,0.4371073,84.0,189.0,0.5937794,130.0,234.0,0.33969963,130.0,235.0,0.39428318,100.0,293.0,0.6012824,99.0,295.0,0.55099154,0,chair
chair\girl2_chair152.jpg,110.0,82.0,0.36185783,106.0,76.0,0.5862043,106.0,76.0,0.5613602,96.0,82.0,0.5659895,97.0,81.0,0.6195841,92.0,105.0,0.540707,93.0,105.0,0.57628006,115.0,70.0,0.50110424,116.0,71.0,0.46081963,126.0,36.0,0.37441617,127.0,38.0,0.59731776,90.0,186.0,0.6621405,87.0,186.0,0.59603506,130.0,233.0,0.5673154,129.0,234.0,0.60517055,102.0,290.0,0.5731637,99.0,293.0,0.6014201,0,chair
chair\girl2_chair153.jpg,108.0,79.0,0.4444536,104.0,74.0,0.6707519,104.0,74.0,0.64600384,95.0,80.0,0.5572384,95.0,79.0,0.55958027,92.0,103.0,0.59643936,93.0,104.0,0.61007476,112.0,69.0,0.56933284,115.0,68.0,0.35382164,123.0,37.0,0.42166752,125.0,37.0,0.71660995,92.0,185.0,0.73674154,89.0,184.0,0.7239169,130.0,232.0,0.66794753,128.0,234.0,0.56903446,102.0,290.0,0.57604164,99.0,293.0,0.5971338,0,chair
chair\girl3_chair070.jpg,133.0,128.0,0.4906359,137.0,124.0,0.4422348,128.0,124.0,0.56564504,141.0,117.0,0.38274628,121.0,119.0,0.46590236,147.0,124.0,0.5511648,114.0,129.0,0.6088485,165.0,103.0,0.79082465,101.0,116.0,0.6504419,163.0,78.0,0.5427996,100.0,87.0,0.48631176,147.0,179.0,0.68745506,122.0,182.0,0.7233486,147.0,219.0,0.64410865,129.0,221.0,0.71897393,145.0,237.0,0.7481201,131.0,239.0,0.49237067,0,chair
chair\girl3_chair071.jpg,133.0,131.0,0.56415653,137.0,125.0,0.4501416,128.0,126.0,0.51276094,143.0,119.0,0.43191528,121.0,120.0,0.41137183,148.0,125.0,0.6189912,114.0,130.0,0.5276313,165.0,104.0,0.7852911,101.0,118.0,0.6633294,164.0,81.0,0.5434883,101.0,88.0,0.49794966,146.0,179.0,0.59989876,122.0,181.0,0.72016424,148.0,221.0,0.7065987,129.0,220.0,0.68908095,145.0,236.0,0.7296846,131.0,239.0,0.5525811,0,chair
chair\girl3_chair072.jpg,133.0,132.0,0.43504244,137.0,127.0,0.50162745,128.0,128.0,0.6011199,142.0,119.0,0.5107293,121.0,120.0,0.46481693,148.0,126.0,0.6423755,113.0,130.0,0.5840042,164.0,106.0,0.7304639,102.0,119.0,0.4968163,163.0,82.0,0.7702216,101.0,89.0,0.44128665,146.0,179.0,0.60598683,121.0,181.0,0.719962,147.0,221.0,0.70649165,129.0,222.0,0.66264945,144.0,236.0,0.67554224,130.0,241.0,0.37134016,0,chair
chair\girl3_chair075.jpg,134.0,135.0,0.44125694,138.0,131.0,0.6073037,130.0,131.0,0.61120534,143.0,124.0,0.48035157,123.0,125.0,0.40939885,148.0,131.0,0.5375136,116.0,132.0,0.6825293,163.0,112.0,0.6936908,104.0,122.0,0.6247437,164.0,90.0,0.55217195,103.0,95.0,0.47676796,146.0,178.0,0.6784648,122.0,179.0,0.6570101,147.0,215.0,0.6658482,128.0,216.0,0.5882646,144.0,234.0,0.67223454,131.0,236.0,0.5973014,0,chair
chair\girl3_chair076.jpg,134.0,136.0,0.46166068,138.0,132.0,0.6494979,130.0,132.0,0.63147306,144.0,124.0,0.5598526,122.0,125.0,0.40231442,149.0,131.0,0.56515884,116.0,133.0,0.64162564,163.0,113.0,0.769953,105.0,124.0,0.7415838,164.0,93.0,0.37789455,104.0,97.0,0.44579807,146.0,177.0,0.6771059,121.0,178.0,0.69456327,146.0,213.0,0.72756445,128.0,214.0,0.57074744,144.0,234.0,0.709133,130.0,236.0,0.6577813,0,chair
chair\girl3_chair081.jpg,135.0,144.0,0.52595174,140.0,141.0,0.45010456,131.0,140.0,0.62501293,147.0,132.0,0.44350982,124.0,133.0,0.6106198,153.0,135.0,0.50612473,120.0,137.0,0.6028409,166.0,124.0,0.620224,106.0,132.0,0.7859272,166.0,104.0,0.6825255,107.0,109.0,0.43111798,148.0,174.0,0.63927346,123.0,175.0,0.72378796,148.0,208.0,0.6846087,128.0,210.0,0.5293,145.0,229.0,0.65693426,131.0,233.0,0.44141728,0,chair
chair\girl3_chair084.jpg,137.0,149.0,0.43771058,142.0,146.0,0.44306836,134.0,146.0,0.52519894,149.0,135.0,0.44762552,126.0,137.0,0.4549824,155.0,139.0,0.5905472,122.0,141.0,0.6003874,169.0,131.0,0.6806414,107.0,137.0,0.6519154,166.0,112.0,0.6336888,108.0,114.0,0.5093282,150.0,174.0,0.71724826,124.0,175.0,0.51609135,149.0,206.0,0.52671003,129.0,210.0,0.5678449,145.0,228.0,0.5182408,132.0,237.0,0.16529167,0,chair
chair\girl3_chair085.jpg,137.0,150.0,0.55145276,142.0,147.0,0.5275056,134.0,146.0,0.70743454,149.0,138.0,0.5239199,127.0,138.0,0.64385897,155.0,139.0,0.47320303,121.0,140.0,0.59638464,169.0,134.0,0.8226955,107.0,139.0,0.7284858,167.0,116.0,0.809795,108.0,116.0,0.53002256,151.0,173.0,0.7700027,125.0,174.0,0.5357767,148.0,214.0,0.5381621,131.0,213.0,0.5127459,145.0,227.0,0.35691708,132.0,228.0,0.32027805,0,chair
chair\girl3_chair087.jpg,138.0,154.0,0.40219212,143.0,150.0,0.5403235,135.0,150.0,0.5641369,150.0,140.0,0.47274914,128.0,141.0,0.6466558,155.0,142.0,0.4474355,122.0,142.0,0.5863368,170.0,138.0,0.5515048,108.0,142.0,0.7803441,168.0,120.0,0.5752809,109.0,121.0,0.5050998,151.0,172.0,0.7248425,126.0,173.0,0.6661093,147.0,220.0,0.5672568,131.0,212.0,0.38348418,147.0,227.0,0.24589786,133.0,228.0,0.16941243,0,chair
chair\girl3_chair088.jpg,138.0,154.0,0.48798043,143.0,150.0,0.67330176,134.0,150.0,0.6912609,149.0,140.0,0.48754194,127.0,141.0,0.66192204,156.0,142.0,0.5364784,121.0,142.0,0.53675103,170.0,140.0,0.834622,108.0,143.0,0.8672598,168.0,124.0,0.6842399,109.0,122.0,0.6051329,151.0,170.0,0.6447423,127.0,171.0,0.6908975,147.0,220.0,0.39293957,130.0,210.0,0.2309869,147.0,224.0,0.18140382,133.0,224.0,0.12260306,0,chair
chair\girl3_chair089.jpg,139.0,155.0,0.31342942,144.0,151.0,0.4238966,135.0,151.0,0.6710021,150.0,142.0,0.4918878,128.0,144.0,0.4535554,155.0,143.0,0.44855267,123.0,144.0,0.45258257,170.0,142.0,0.7477347,108.0,145.0,0.7059088,168.0,125.0,0.623003,110.0,124.0,0.445251,152.0,169.0,0.66464794,127.0,171.0,0.5941886,147.0,217.0,0.5198524,131.0,210.0,0.43916106,146.0,226.0,0.3146779,132.0,224.0,0.3107406,0,chair
chair\girl3_chair095.jpg,141.0,158.0,0.39301607,146.0,154.0,0.5122352,138.0,153.0,0.58373237,153.0,147.0,0.38856483,131.0,145.0,0.4556765,159.0,149.0,0.49052498,126.0,144.0,0.1515046,174.0,162.0,0.14908871,111.0,151.0,0.6627284,170.0,145.0,0.3181845,109.0,137.0,0.3906028,155.0,164.0,0.5354481,131.0,163.0,0.6264,151.0,201.0,0.52464694,132.0,200.0,0.5653511,152.0,190.0,0.17593011,136.0,186.0,0.10152781,0,chair
chair\girl3_chair107.jpg,143.0,157.0,0.38489273,147.0,153.0,0.5071196,140.0,153.0,0.48921767,155.0,146.0,0.2534008,135.0,144.0,0.4119437,162.0,145.0,0.2717484,131.0,140.0,0.40993392,171.0,147.0,0.18267158,116.0,148.0,0.26549646,171.0,149.0,0.24429509,108.0,144.0,0.3199501,159.0,170.0,0.25343758,139.0,171.0,0.17605308,153.0,209.0,0.40424967,136.0,201.0,0.36604565,152.0,216.0,0.19766468,140.0,213.0,0.28849196,0,chair
chair\girl3_chair108.jpg,142.0,154.0,0.24461496,146.0,152.0,0.4789083,139.0,150.0,0.47511905,153.0,146.0,0.3445656,135.0,143.0,0.45465362,163.0,144.0,0.27792948,132.0,141.0,0.28374934,171.0,155.0,0.17052838,117.0,149.0,0.28018975,169.0,155.0,0.17467654,110.0,145.0,0.3085071,160.0,168.0,0.39739454,139.0,168.0,0.34726453,154.0,201.0,0.2353377,136.0,200.0,0.3375553,153.0,216.0,0.2364212,141.0,213.0,0.2671778,0,chair
chair\girl3_chair140.jpg,135.0,146.0,0.34458923,138.0,143.0,0.3604998,134.0,141.0,0.3844394,147.0,139.0,0.32038206,136.0,134.0,0.33741713,162.0,148.0,0.5507823,136.0,129.0,0.5171048,167.0,177.0,0.10317835,119.0,131.0,0.35052386,151.0,210.0,0.24374169,102.0,129.0,0.43225512,162.0,165.0,0.48704472,142.0,160.0,0.43791997,152.0,201.0,0.3326192,131.0,194.0,0.2626038,150.0,216.0,0.1519669,131.0,218.0,0.23971424,0,chair
chair\girl3_chair141.jpg,137.0,145.0,0.38159317,141.0,140.0,0.3293665,136.0,139.0,0.32346284,149.0,136.0,0.37120536,136.0,132.0,0.3820386,163.0,141.0,0.55307555,135.0,127.0,0.5943228,171.0,166.0,0.21615395,119.0,130.0,0.33652624,154.0,207.0,0.115896076,102.0,127.0,0.5380064,165.0,165.0,0.50887454,143.0,161.0,0.48719448,154.0,196.0,0.38684458,131.0,194.0,0.23610684,150.0,213.0,0.1958184,132.0,214.0,0.2921251,0,chair
chair\girl3_chair148.jpg,145.0,120.0,0.30633265,151.0,116.0,0.51560193,142.0,115.0,0.43507475,159.0,112.0,0.41683078,140.0,107.0,0.36890256,166.0,124.0,0.41156098,133.0,109.0,0.52902615,166.0,134.0,0.40016276,120.0,110.0,0.37973312,156.0,120.0,0.22776711,105.0,102.0,0.46357328,162.0,164.0,0.6437999,138.0,160.0,0.6298412,145.0,205.0,0.3423214,129.0,202.0,0.48981538,143.0,226.0,0.12111771,137.0,218.0,0.19769084,0,chair
chair\girl3_chair149.jpg,145.0,120.0,0.2842011,151.0,116.0,0.54179657,143.0,116.0,0.29928392,161.0,110.0,0.5694659,141.0,108.0,0.5057767,168.0,122.0,0.59589344,134.0,108.0,0.5148676,167.0,130.0,0.5777038,115.0,106.0,0.4350036,155.0,114.0,0.32487017,104.0,96.0,0.39057893,160.0,164.0,0.60402995,137.0,160.0,0.628165,144.0,206.0,0.3378539,129.0,199.0,0.45619354,137.0,229.0,0.12404695,138.0,217.0,0.30658853,0,chair
chair\girl3_chair150.jpg,143.0,117.0,0.3795982,148.0,112.0,0.3798671,141.0,112.0,0.39191923,158.0,107.0,0.5440542,139.0,105.0,0.3939099,166.0,121.0,0.6017586,134.0,107.0,0.56939006,168.0,127.0,0.66329706,117.0,104.0,0.537988,158.0,109.0,0.47100437,104.0,90.0,0.3862378,160.0,164.0,0.5485548,137.0,160.0,0.6655541,142.0,209.0,0.3240469,128.0,200.0,0.58236986,138.0,233.0,0.12533826,138.0,217.0,0.28002077,0,chair
chair\girl3_chair152.jpg,155.0,96.0,0.5408534,160.0,91.0,0.6012043,152.0,91.0,0.65388453,166.0,87.0,0.57156855,146.0,87.0,0.62189275,170.0,98.0,0.672212,139.0,96.0,0.6733266,188.0,82.0,0.7724805,125.0,86.0,0.56751734,184.0,59.0,0.6021105,125.0,60.0,0.47698212,167.0,153.0,0.68709433,143.0,153.0,0.5991334,165.0,193.0,0.38806528,146.0,196.0,0.5049551,163.0,217.0,0.68054,149.0,214.0,0.50306696,0,chair
chair\guy2_chair071.jpg,126.0,93.0,0.56990623,131.0,90.0,0.7542492,125.0,90.0,0.51100755,143.0,92.0,0.7243259,129.0,92.0,0.4779078,149.0,112.0,0.53570116,123.0,112.0,0.6508337,152.0,73.0,0.59934396,110.0,79.0,0.8238815,147.0,50.0,0.31331933,108.0,47.0,0.27770996,148.0,182.0,0.84122944,128.0,181.0,0.8113326,124.0,234.0,0.8082789,111.0,233.0,0.7795423,140.0,282.0,0.71017516,130.0,274.0,0.8450787,0,chair
chair\guy2_chair072.jpg,126.0,95.0,0.62928885,132.0,91.0,0.64309675,126.0,91.0,0.56775504,144.0,94.0,0.72684056,131.0,94.0,0.5100321,151.0,114.0,0.73001325,125.0,113.0,0.6695446,153.0,76.0,0.5109306,110.0,79.0,0.59939265,147.0,51.0,0.49762145,110.0,48.0,0.379371,150.0,183.0,0.8470206,131.0,183.0,0.8227736,125.0,235.0,0.6982801,112.0,233.0,0.69237006,140.0,281.0,0.79092383,132.0,274.0,0.83467436,0,chair
chair\guy2_chair074.jpg,127.0,99.0,0.5626255,132.0,95.0,0.59602314,126.0,95.0,0.29723573,143.0,97.0,0.63062274,129.0,97.0,0.30387706,150.0,118.0,0.50790375,126.0,116.0,0.62193954,153.0,80.0,0.5071685,111.0,82.0,0.6056173,147.0,59.0,0.20444223,107.0,60.0,0.157453,151.0,187.0,0.7948912,133.0,186.0,0.7686935,127.0,237.0,0.78860545,113.0,235.0,0.7622044,140.0,281.0,0.76753926,133.0,274.0,0.56912136,0,chair
chair\guy2_chair075.jpg,127.0,100.0,0.53826624,132.0,96.0,0.5186541,125.0,96.0,0.584527,143.0,99.0,0.524965,131.0,99.0,0.33145666,152.0,120.0,0.57986915,126.0,117.0,0.67471707,153.0,81.0,0.5178057,111.0,84.0,0.6338623,147.0,60.0,0.16195416,107.0,57.0,0.108538926,153.0,189.0,0.8273771,134.0,187.0,0.77989364,127.0,238.0,0.7714515,112.0,235.0,0.81653666,140.0,282.0,0.8285059,133.0,273.0,0.69408625,0,chair
chair\guy2_chair076.jpg,126.0,101.0,0.6386323,132.0,97.0,0.40595877,125.0,97.0,0.6043756,144.0,100.0,0.6974742,129.0,100.0,0.3264765,152.0,121.0,0.637059,126.0,118.0,0.74987406,152.0,82.0,0.6171323,110.0,86.0,0.74716836,145.0,61.0,0.10894662,107.0,62.0,0.18868178,155.0,189.0,0.817752,135.0,187.0,0.72686523,126.0,237.0,0.7132284,112.0,234.0,0.82405615,140.0,282.0,0.74859583,134.0,273.0,0.78165376,0,chair
chair\guy2_chair083.jpg,123.0,111.0,0.6960737,129.0,106.0,0.49177083,122.0,107.0,0.5781464,141.0,108.0,0.6441348,126.0,108.0,0.3606621,152.0,128.0,0.50154716,124.0,126.0,0.6709395,149.0,90.0,0.60119593,106.0,93.0,0.64893717,140.0,70.0,0.27289787,101.0,71.0,0.1825063,164.0,198.0,0.8779303,144.0,197.0,0.8505437,130.0,239.0,0.7217024,114.0,233.0,0.82186455,145.0,284.0,0.72892714,137.0,276.0,0.6826037,0,chair
chair\guy2_chair084.jpg,123.0,113.0,0.6312874,128.0,108.0,0.7400251,121.0,108.0,0.5911744,140.0,110.0,0.6299612,126.0,110.0,0.36326182,150.0,129.0,0.62652797,123.0,128.0,0.7819043,150.0,91.0,0.57812864,105.0,96.0,0.69556296,138.0,70.0,0.18842015,99.0,70.0,0.31613976,166.0,201.0,0.8250456,145.0,199.0,0.66231704,132.0,239.0,0.5358677,115.0,235.0,0.76167715,146.0,283.0,0.67239326,138.0,278.0,0.7037312,0,chair
chair\guy2_chair085.jpg,121.0,115.0,0.6341792,126.0,110.0,0.6652195,120.0,110.0,0.6661562,139.0,111.0,0.5491017,126.0,111.0,0.3898958,152.0,131.0,0.64831144,125.0,130.0,0.56571263,149.0,94.0,0.5702874,103.0,96.0,0.57885903,138.0,72.0,0.18272266,98.0,72.0,0.19267476,167.0,201.0,0.8802459,146.0,199.0,0.7377271,132.0,238.0,0.6698692,115.0,233.0,0.7776359,146.0,282.0,0.73981345,137.0,276.0,0.7225336,0,chair
chair\guy2_chair086.jpg,121.0,117.0,0.5715233,126.0,112.0,0.7148508,119.0,111.0,0.72660124,141.0,113.0,0.7581386,125.0,113.0,0.45556694,153.0,132.0,0.5806844,124.0,131.0,0.7421874,149.0,97.0,0.661579,104.0,99.0,0.69199944,140.0,76.0,0.16275126,99.0,75.0,0.16379747,169.0,202.0,0.85879856,148.0,201.0,0.7085768,134.0,238.0,0.6555308,116.0,234.0,0.48812374,147.0,282.0,0.6837128,139.0,277.0,0.7605125,0,chair
chair\guy2_chair088.jpg,122.0,118.0,0.694832,127.0,113.0,0.71579885,121.0,113.0,0.5691923,141.0,114.0,0.6965847,127.0,114.0,0.5468668,153.0,134.0,0.7362348,125.0,132.0,0.7484709,149.0,99.0,0.619505,104.0,101.0,0.76430666,140.0,76.0,0.15534237,97.0,77.0,0.1594334,172.0,203.0,0.8528228,151.0,201.0,0.7535906,135.0,236.0,0.49901015,118.0,231.0,0.80758035,150.0,283.0,0.62775546,141.0,276.0,0.78887606,0,chair
chair\guy2_chair094.jpg,124.0,121.0,0.63129115,130.0,116.0,0.7467042,122.0,117.0,0.68204945,144.0,116.0,0.75519925,126.0,118.0,0.41675225,158.0,135.0,0.7590355,127.0,136.0,0.81767,150.0,97.0,0.64597285,103.0,103.0,0.81039625,136.0,79.0,0.14600804,94.0,80.0,0.279119,180.0,206.0,0.8482566,157.0,205.0,0.8127604,140.0,234.0,0.6745512,123.0,228.0,0.79252297,154.0,282.0,0.7329063,143.0,275.0,0.8474444,0,chair
chair\guy2_chair095.jpg,125.0,121.0,0.5347554,130.0,115.0,0.7518374,123.0,116.0,0.6390565,144.0,115.0,0.6330843,129.0,116.0,0.36528355,159.0,134.0,0.66607565,128.0,136.0,0.64332455,149.0,96.0,0.75873053,101.0,104.0,0.6877586,134.0,77.0,0.21851814,92.0,79.0,0.3890701,182.0,206.0,0.82139504,157.0,204.0,0.77058697,140.0,235.0,0.6904088,123.0,228.0,0.68860686,154.0,281.0,0.7189803,144.0,275.0,0.8050651,0,chair
chair\guy2_chair100.jpg,128.0,116.0,0.6609264,133.0,110.0,0.7775371,126.0,111.0,0.58461845,147.0,109.0,0.5505214,131.0,111.0,0.42193127,163.0,130.0,0.62806076,132.0,131.0,0.63066447,153.0,91.0,0.5365725,101.0,101.0,0.68050444,136.0,69.0,0.36813468,85.0,67.0,0.42289084,186.0,203.0,0.8673889,162.0,201.0,0.79369265,145.0,231.0,0.67707336,126.0,223.0,0.74210596,159.0,280.0,0.64095294,147.0,273.0,0.8301972,0,chair
chair\guy2_chair102.jpg,128.0,113.0,0.72476274,134.0,108.0,0.66951954,126.0,108.0,0.6328741,150.0,107.0,0.6842737,133.0,109.0,0.47732335,166.0,129.0,0.75450927,132.0,128.0,0.83267266,156.0,93.0,0.6297568,102.0,98.0,0.82883215,140.0,70.0,0.28490704,90.0,71.0,0.367977,188.0,202.0,0.87429607,163.0,199.0,0.65723515,144.0,229.0,0.6327734,128.0,221.0,0.7515782,159.0,281.0,0.68826723,148.0,275.0,0.8665201,0,chair
chair\guy2_chair103.jpg,130.0,112.0,0.5873343,136.0,106.0,0.78938943,129.0,107.0,0.69032866,151.0,105.0,0.6027059,136.0,107.0,0.53673744,167.0,129.0,0.6888679,136.0,128.0,0.6608746,158.0,91.0,0.8293177,103.0,97.0,0.7781204,141.0,66.0,0.33674288,87.0,63.0,0.38864648,189.0,201.0,0.8704071,165.0,199.0,0.8270805,147.0,229.0,0.5763213,129.0,221.0,0.66932493,161.0,279.0,0.53037083,150.0,274.0,0.8473482,0,chair
chair\guy2_chair104.jpg,131.0,110.0,0.65086555,136.0,104.0,0.725543,129.0,104.0,0.58894706,152.0,104.0,0.69029355,136.0,104.0,0.57153136,167.0,126.0,0.73721176,135.0,125.0,0.6005166,157.0,87.0,0.78647715,105.0,94.0,0.856426,141.0,63.0,0.3525889,87.0,62.0,0.46219763,190.0,200.0,0.8930043,165.0,198.0,0.8213082,148.0,229.0,0.7331324,129.0,221.0,0.78038096,163.0,279.0,0.6834966,151.0,273.0,0.79141724,0,chair
chair\guy2_chair106.jpg,133.0,109.0,0.72228235,139.0,102.0,0.63571835,130.0,103.0,0.48307937,153.0,102.0,0.58616996,135.0,104.0,0.512785,169.0,124.0,0.6581857,136.0,125.0,0.74848354,160.0,85.0,0.5194932,104.0,92.0,0.71506095,142.0,59.0,0.38019854,89.0,57.0,0.4516842,193.0,200.0,0.86930895,166.0,198.0,0.57530963,151.0,229.0,0.7443259,131.0,222.0,0.78135824,164.0,281.0,0.6137744,152.0,275.0,0.85290766,0,chair
chair\guy2_chair108.jpg,133.0,106.0,0.59132665,139.0,99.0,0.7614583,131.0,100.0,0.66254777,155.0,100.0,0.67444766,137.0,101.0,0.38012427,171.0,122.0,0.7398344,137.0,122.0,0.67118734,162.0,84.0,0.6219331,105.0,89.0,0.6231863,145.0,58.0,0.4363662,89.0,57.0,0.55925477,195.0,198.0,0.6900311,168.0,197.0,0.5827431,151.0,228.0,0.73166364,132.0,221.0,0.72575676,166.0,281.0,0.69065076,153.0,274.0,0.86941385,0,chair
chair\guy2_chair109.jpg,134.0,105.0,0.5942684,140.0,99.0,0.7859823,132.0,99.0,0.57913274,155.0,99.0,0.5967472,139.0,100.0,0.4322338,172.0,119.0,0.6905239,138.0,121.0,0.65696245,162.0,80.0,0.56284904,105.0,88.0,0.5772461,146.0,56.0,0.25637046,89.0,55.0,0.55218464,195.0,198.0,0.86929595,170.0,196.0,0.8332858,152.0,228.0,0.70380324,132.0,221.0,0.7119576,165.0,281.0,0.76709294,154.0,274.0,0.87062573,0,chair
chair\guy2_chair114.jpg,137.0,100.0,0.61997837,143.0,94.0,0.61103386,135.0,95.0,0.46997616,160.0,96.0,0.4868204,139.0,98.0,0.1997337,175.0,119.0,0.6670215,141.0,119.0,0.5779254,167.0,79.0,0.5607831,107.0,83.0,0.570498,146.0,39.0,0.5849298,90.0,45.0,0.69236434,198.0,197.0,0.8242046,172.0,196.0,0.753765,156.0,227.0,0.6114821,137.0,220.0,0.5619453,170.0,283.0,0.43840086,159.0,279.0,0.465884,0,chair
chair\guy2_chair116.jpg,138.0,100.0,0.63390404,145.0,94.0,0.4257156,135.0,95.0,0.36878967,161.0,94.0,0.5018072,140.0,96.0,0.18850625,177.0,117.0,0.4418315,141.0,118.0,0.72291857,167.0,77.0,0.51296866,108.0,82.0,0.5192496,147.0,39.0,0.6295642,90.0,43.0,0.706673,200.0,197.0,0.815196,173.0,196.0,0.7175146,156.0,227.0,0.48297057,138.0,221.0,0.6563723,171.0,285.0,0.5096229,161.0,281.0,0.5966988,0,chair
chair\guy2_chair117.jpg,138.0,100.0,0.64769125,145.0,94.0,0.4409226,135.0,95.0,0.2797633,162.0,94.0,0.52643555,140.0,96.0,0.20970747,178.0,117.0,0.50961196,142.0,119.0,0.7546421,169.0,79.0,0.40457243,108.0,82.0,0.5350724,147.0,38.0,0.585724,90.0,43.0,0.71033835,201.0,198.0,0.7575823,173.0,197.0,0.6973244,157.0,227.0,0.52926296,139.0,220.0,0.63524914,171.0,286.0,0.494175,161.0,281.0,0.60434276,0,chair
chair\guy2_chair120.jpg,139.0,100.0,0.41370517,146.0,94.0,0.6209202,137.0,94.0,0.47839558,163.0,94.0,0.43557847,140.0,96.0,0.2572691,180.0,119.0,0.6681367,143.0,120.0,0.7451874,172.0,83.0,0.5516353,108.0,82.0,0.5576604,148.0,39.0,0.61064136,90.0,42.0,0.70465636,202.0,200.0,0.555635,175.0,199.0,0.47816232,159.0,229.0,0.5324877,140.0,223.0,0.6695695,175.0,290.0,0.3788043,162.0,284.0,0.5617997,0,chair
chair\guy2_chair123.jpg,141.0,103.0,0.53209406,148.0,97.0,0.66943383,138.0,97.0,0.52785456,165.0,96.0,0.41445196,141.0,99.0,0.21430564,181.0,121.0,0.55959064,144.0,121.0,0.57324785,173.0,85.0,0.63387895,109.0,83.0,0.62854713,149.0,43.0,0.4434519,90.0,45.0,0.69756866,203.0,201.0,0.8067888,175.0,200.0,0.597627,161.0,232.0,0.67004496,141.0,226.0,0.5089914,174.0,294.0,0.33780792,163.0,288.0,0.5510754,0,chair
chair\guy2_chair124.jpg,141.0,105.0,0.62024224,148.0,98.0,0.46577948,138.0,98.0,0.41145426,166.0,98.0,0.4481664,141.0,99.0,0.22577205,181.0,123.0,0.53720295,143.0,121.0,0.5446362,174.0,88.0,0.581156,110.0,84.0,0.70779216,149.0,44.0,0.43749988,90.0,45.0,0.6963109,202.0,202.0,0.77763677,175.0,201.0,0.59885037,161.0,233.0,0.66254324,141.0,227.0,0.6353657,174.0,295.0,0.33187413,163.0,288.0,0.60932213,0,chair
chair\guy2_chair128.jpg,141.0,111.0,0.48791966,148.0,105.0,0.64613545,138.0,106.0,0.5744163,166.0,105.0,0.49506417,144.0,106.0,0.22154558,182.0,131.0,0.6445107,143.0,126.0,0.72270393,173.0,92.0,0.58346146,110.0,93.0,0.57374537,148.0,52.0,0.4701884,91.0,53.0,0.63112694,204.0,208.0,0.69269234,177.0,205.0,0.74114805,161.0,240.0,0.58020693,141.0,234.0,0.68942,171.0,296.0,0.21053031,164.0,291.0,0.6517684,0,chair
chair\guy2_chair129.jpg,140.0,114.0,0.6820452,147.0,107.0,0.7652378,138.0,107.0,0.5231399,165.0,107.0,0.5664746,146.0,108.0,0.36283594,183.0,131.0,0.7883251,143.0,128.0,0.8110957,174.0,95.0,0.56517,111.0,95.0,0.87273204,152.0,63.0,0.46438947,97.0,62.0,0.48764968,209.0,209.0,0.81996787,179.0,206.0,0.82907367,160.0,244.0,0.7587334,139.0,235.0,0.8508202,175.0,294.0,0.60578096,163.0,290.0,0.90652823,0,chair
chair\guy2_chair131.jpg,141.0,120.0,0.5795547,148.0,113.0,0.54444474,138.0,113.0,0.4451504,164.0,113.0,0.455936,141.0,113.0,0.23036227,182.0,135.0,0.59781575,142.0,132.0,0.6903289,175.0,103.0,0.5431565,110.0,98.0,0.6443804,148.0,61.0,0.40604442,90.0,59.0,0.51150054,203.0,213.0,0.6627437,176.0,210.0,0.7476887,162.0,246.0,0.686603,140.0,241.0,0.5440914,170.0,296.0,0.23044297,163.0,293.0,0.627415,0,chair
chair\guy2_chair133.jpg,140.0,126.0,0.5840974,147.0,119.0,0.7249996,138.0,119.0,0.60573506,165.0,119.0,0.7215522,145.0,118.0,0.5365028,183.0,139.0,0.7612792,143.0,137.0,0.60136,173.0,106.0,0.63893914,108.0,103.0,0.89519167,151.0,74.0,0.48873022,95.0,72.0,0.17291358,208.0,214.0,0.7986748,178.0,211.0,0.6614802,159.0,252.0,0.7991383,137.0,244.0,0.77451754,172.0,297.0,0.2921341,162.0,294.0,0.93856645,0,chair
chair\guy2_chair134.jpg,140.0,127.0,0.5663167,147.0,121.0,0.48344377,138.0,121.0,0.4556086,166.0,120.0,0.45034212,141.0,119.0,0.22987711,181.0,141.0,0.6371368,142.0,136.0,0.61583877,173.0,112.0,0.46227607,112.0,105.0,0.6833528,148.0,71.0,0.4569038,90.0,67.0,0.7113331,203.0,217.0,0.47515222,177.0,213.0,0.6887487,162.0,254.0,0.6959261,141.0,247.0,0.5962437,168.0,296.0,0.15911019,161.0,297.0,0.27354485,0,chair
chair\guy2_chair135.jpg,141.0,130.0,0.72746605,149.0,124.0,0.7901689,139.0,123.0,0.65857995,167.0,123.0,0.7329166,147.0,122.0,0.6539441,185.0,145.0,0.83438045,143.0,141.0,0.64139766,175.0,115.0,0.797647,110.0,107.0,0.9220713,149.0,76.0,0.66422796,95.0,77.0,0.25145173,208.0,216.0,0.8628837,178.0,214.0,0.70253414,160.0,257.0,0.727973,139.0,247.0,0.8349761,170.0,298.0,0.22044384,164.0,297.0,0.8943064,0,chair
chair\guy2_chair137.jpg,140.0,134.0,0.6779943,147.0,127.0,0.7651597,138.0,126.0,0.8102112,166.0,126.0,0.76595974,147.0,125.0,0.5915208,186.0,148.0,0.67052674,144.0,144.0,0.6356014,175.0,119.0,0.7024515,109.0,110.0,0.87363553,149.0,83.0,0.6245849,92.0,77.0,0.22982797,208.0,218.0,0.83730215,178.0,215.0,0.73477817,160.0,261.0,0.8342926,139.0,250.0,0.60358554,170.0,298.0,0.17921662,165.0,298.0,0.825925,0,chair
chair\guy2_chair147.jpg,149.0,114.0,0.47470942,156.0,109.0,0.7126355,147.0,108.0,0.5744062,171.0,109.0,0.5638211,152.0,108.0,0.17749462,187.0,136.0,0.53167987,145.0,125.0,0.6465209,181.0,115.0,0.5362473,117.0,97.0,0.68563503,153.0,81.0,0.54345155,102.0,64.0,0.6875104,188.0,218.0,0.6839031,160.0,213.0,0.61296606,152.0,275.0,0.6316337,133.0,269.0,0.67077225,164.0,298.0,0.13540968,162.0,295.0,0.1710718,0,chair
chair\guy2_chair148.jpg,149.0,112.0,0.3362381,155.0,108.0,0.44825545,147.0,106.0,0.5501141,171.0,108.0,0.53636163,153.0,106.0,0.15688539,187.0,134.0,0.5441619,145.0,123.0,0.62972647,183.0,114.0,0.47288653,117.0,93.0,0.7815542,153.0,77.0,0.47459188,104.0,58.0,0.5746359,185.0,217.0,0.78335667,158.0,212.0,0.7497202,151.0,276.0,0.56485116,132.0,269.0,0.6114802,164.0,297.0,0.12805128,163.0,294.0,0.19097063,0,chair
chair\guy2_chair152.jpg,150.0,109.0,0.4972377,158.0,104.0,0.37994522,149.0,102.0,0.45382252,174.0,107.0,0.47459158,154.0,103.0,0.23403832,184.0,132.0,0.6840669,146.0,122.0,0.6653284,184.0,103.0,0.46378836,123.0,83.0,0.59196514,166.0,63.0,0.52385825,113.0,47.0,0.54307854,178.0,215.0,0.7023672,152.0,211.0,0.72955287,148.0,274.0,0.596323,132.0,268.0,0.6210668,164.0,296.0,0.20715141,164.0,294.0,0.26717663,0,chair
chair\guy_chair072.jpg,137.0,88.0,0.6005689,141.0,83.0,0.73220444,132.0,84.0,0.71046454,146.0,85.0,0.7589013,126.0,86.0,0.8015809,155.0,102.0,0.69845176,116.0,103.0,0.63273376,168.0,65.0,0.7606026,108.0,70.0,0.5765059,166.0,46.0,0.39869455,107.0,44.0,0.5098572,149.0,170.0,0.8520006,124.0,171.0,0.8148755,146.0,233.0,0.86049813,128.0,231.0,0.8857257,143.0,263.0,0.8081207,129.0,264.0,0.7936091,0,chair
chair\guy_chair074.jpg,141.0,92.0,0.6492232,144.0,88.0,0.4436492,136.0,88.0,0.6437108,150.0,88.0,0.7732984,130.0,89.0,0.7812638,159.0,104.0,0.8109993,120.0,105.0,0.5958757,170.0,68.0,0.73008215,111.0,73.0,0.84492517,170.0,51.0,0.23080403,111.0,49.0,0.3837932,152.0,171.0,0.8322874,128.0,171.0,0.78823745,148.0,231.0,0.88273406,130.0,231.0,0.8359916,146.0,262.0,0.8022886,132.0,263.0,0.8253101,0,chair
chair\guy_chair076.jpg,145.0,96.0,0.58310497,149.0,91.0,0.74288577,140.0,91.0,0.73394674,155.0,92.0,0.752848,134.0,92.0,0.68323064,164.0,108.0,0.75976455,125.0,108.0,0.7519057,174.0,74.0,0.8123342,117.0,76.0,0.77329177,174.0,56.0,0.23681995,117.0,53.0,0.13373256,158.0,174.0,0.8589415,133.0,174.0,0.8089775,152.0,231.0,0.87418795,135.0,231.0,0.8969074,152.0,259.0,0.8143512,137.0,261.0,0.8835685,0,chair
chair\guy_chair078.jpg,149.0,99.0,0.4609594,153.0,95.0,0.31882197,145.0,94.0,0.6584098,160.0,95.0,0.75641966,140.0,95.0,0.7029437,170.0,110.0,0.7378852,130.0,111.0,0.6880117,180.0,76.0,0.6993616,120.0,79.0,0.8265175,179.0,58.0,0.17829219,121.0,56.0,0.17664915,163.0,176.0,0.89169633,138.0,176.0,0.75181866,156.0,230.0,0.9297838,139.0,230.0,0.8846755,155.0,258.0,0.8051964,142.0,258.0,0.81521165,0,chair
chair\guy_chair082.jpg,160.0,109.0,0.771917,165.0,104.0,0.87097186,156.0,103.0,0.67383224,171.0,105.0,0.7863905,150.0,104.0,0.8367667,181.0,118.0,0.7820679,141.0,118.0,0.8491872,192.0,86.0,0.84918845,129.0,88.0,0.615836,190.0,67.0,0.20524734,129.0,66.0,0.1443564,176.0,181.0,0.88663447,151.0,181.0,0.80046403,165.0,232.0,0.85369444,149.0,233.0,0.92508185,168.0,262.0,0.7040365,154.0,260.0,0.813482,0,chair
chair\guy_chair085.jpg,167.0,117.0,0.80890226,172.0,112.0,0.7836617,163.0,112.0,0.72370756,179.0,111.0,0.83180654,158.0,111.0,0.6735747,190.0,124.0,0.7759708,150.0,125.0,0.8155809,201.0,95.0,0.8824154,137.0,94.0,0.8595618,197.0,75.0,0.2689976,137.0,73.0,0.11583868,186.0,185.0,0.90639824,161.0,184.0,0.8666656,173.0,233.0,0.896585,156.0,234.0,0.92358804,176.0,263.0,0.8424971,163.0,262.0,0.9132921,0,chair
chair\guy_chair087.jpg,171.0,123.0,0.80206925,176.0,118.0,0.7104744,167.0,117.0,0.67132795,184.0,116.0,0.5917432,163.0,115.0,0.79464304,196.0,127.0,0.8249291,155.0,129.0,0.86598074,206.0,101.0,0.7027561,140.0,100.0,0.7120414,201.0,77.0,0.26156104,140.0,78.0,0.1834749,193.0,188.0,0.735614,168.0,188.0,0.7300964,178.0,234.0,0.82089245,161.0,236.0,0.8902451,181.0,264.0,0.77585626,168.0,264.0,0.91020036,0,chair
chair\guy_chair088.jpg,173.0,125.0,0.7787787,179.0,120.0,0.7638011,169.0,119.0,0.7608217,187.0,118.0,0.5577627,166.0,118.0,0.55736786,199.0,130.0,0.86211026,158.0,132.0,0.8393827,208.0,102.0,0.81396854,143.0,102.0,0.71958375,203.0,80.0,0.30639434,143.0,80.0,0.2757881,197.0,192.0,0.82171506,171.0,192.0,0.8565539,181.0,234.0,0.8342664,163.0,237.0,0.8201518,184.0,266.0,0.7927259,171.0,266.0,0.8121181,0,chair
chair\guy_chair089.jpg,176.0,128.0,0.58698124,181.0,122.0,0.86794555,172.0,122.0,0.7285813,189.0,120.0,0.66700846,168.0,120.0,0.645819,201.0,132.0,0.8151871,160.0,133.0,0.77636534,210.0,105.0,0.74378854,145.0,104.0,0.7427453,205.0,81.0,0.32581156,144.0,82.0,0.22689906,200.0,193.0,0.90229154,174.0,193.0,0.84106857,182.0,235.0,0.9280682,166.0,237.0,0.8963336,187.0,268.0,0.750841,174.0,267.0,0.73168725,0,chair
chair\guy_chair090.jpg,178.0,130.0,0.82749486,183.0,124.0,0.6052008,174.0,124.0,0.70091015,192.0,123.0,0.80446124,171.0,122.0,0.75289106,204.0,135.0,0.7880448,163.0,135.0,0.79852784,212.0,108.0,0.59990263,148.0,106.0,0.8976701,206.0,85.0,0.24878585,146.0,85.0,0.15056905,204.0,194.0,0.8669218,177.0,194.0,0.7978609,185.0,235.0,0.89010346,168.0,237.0,0.7470257,189.0,271.0,0.77049017,176.0,268.0,0.9030156,0,chair
chair\guy_chair092.jpg,181.0,133.0,0.81064713,186.0,127.0,0.6752671,177.0,127.0,0.63913316,195.0,126.0,0.7239742,174.0,125.0,0.7409533,207.0,138.0,0.8785881,167.0,138.0,0.66155934,213.0,113.0,0.7858697,151.0,110.0,0.84981036,208.0,89.0,0.44576195,147.0,88.0,0.21325442,210.0,197.0,0.8973842,183.0,197.0,0.8069031,188.0,237.0,0.89609337,171.0,237.0,0.8016423,193.0,273.0,0.73225915,180.0,271.0,0.7380078,0,chair
chair\guy_chair093.jpg,182.0,134.0,0.7734251,188.0,129.0,0.6087907,179.0,128.0,0.74492866,197.0,129.0,0.83324677,176.0,127.0,0.6903745,209.0,141.0,0.78983355,169.0,140.0,0.8056514,214.0,116.0,0.90098107,151.0,111.0,0.6479317,209.0,90.0,0.7657083,148.0,89.0,0.323129,213.0,198.0,0.90794945,185.0,199.0,0.6559187,190.0,237.0,0.8671138,173.0,237.0,0.7909173,195.0,274.0,0.78050196,183.0,271.0,0.90009826,0,chair
chair\guy_chair096.jpg,185.0,138.0,0.5669093,191.0,133.0,0.8708891,182.0,132.0,0.7933546,201.0,132.0,0.85744417,182.0,131.0,0.72640055,214.0,146.0,0.839621,175.0,143.0,0.6291384,217.0,123.0,0.8496232,153.0,118.0,0.68526936,210.0,98.0,0.7188627,147.0,98.0,0.31543022,220.0,202.0,0.8883853,193.0,203.0,0.8223151,194.0,239.0,0.9443317,177.0,239.0,0.84525716,201.0,278.0,0.68041277,187.0,274.0,0.7833382,0,chair
chair\guy_chair103.jpg,184.0,140.0,0.48592305,190.0,134.0,0.7617857,182.0,133.0,0.6344542,204.0,134.0,0.79959774,186.0,132.0,0.5777298,220.0,149.0,0.7888198,181.0,150.0,0.6630739,211.0,124.0,0.658766,154.0,121.0,0.8598176,201.0,101.0,0.602121,144.0,99.0,0.23318267,232.0,207.0,0.9098805,204.0,206.0,0.71564025,196.0,244.0,0.8414431,179.0,241.0,0.8474436,207.0,286.0,0.7687032,194.0,281.0,0.885991,0,chair
chair\guy_chair104.jpg,184.0,139.0,0.7880503,190.0,134.0,0.5946305,181.0,132.0,0.8285523,204.0,134.0,0.66398865,185.0,131.0,0.7290364,219.0,148.0,0.7446246,180.0,146.0,0.6287881,210.0,124.0,0.5854866,153.0,120.0,0.7193736,197.0,94.0,0.6059884,141.0,95.0,0.5747418,234.0,207.0,0.819075,205.0,206.0,0.7786607,194.0,244.0,0.62179273,178.0,241.0,0.735974,207.0,287.0,0.8009815,195.0,281.0,0.7448706,0,chair
chair\guy_chair105.jpg,181.0,139.0,0.7692941,188.0,133.0,0.7653125,179.0,132.0,0.6407288,202.0,134.0,0.77616477,183.0,131.0,0.56893826,217.0,149.0,0.7696452,178.0,147.0,0.65805024,208.0,123.0,0.725369,153.0,119.0,0.84158367,196.0,96.0,0.76885796,142.0,97.0,0.26079124,234.0,208.0,0.94463444,205.0,207.0,0.7495593,194.0,245.0,0.71180207,177.0,241.0,0.79132295,206.0,287.0,0.8884424,195.0,282.0,0.91251856,0,chair
chair\guy_chair107.jpg,179.0,139.0,0.7156054,186.0,133.0,0.49656367,177.0,131.0,0.8057628,200.0,133.0,0.7370336,181.0,130.0,0.7053826,215.0,148.0,0.7280856,178.0,147.0,0.58267784,204.0,124.0,0.74802566,151.0,119.0,0.780711,190.0,94.0,0.5815878,137.0,93.0,0.80559945,235.0,209.0,0.8334253,206.0,207.0,0.7147699,191.0,246.0,0.6836655,174.0,241.0,0.7079043,206.0,288.0,0.83498424,194.0,283.0,0.903732,0,chair
chair\guy_chair109.jpg,175.0,138.0,0.795755,182.0,131.0,0.8062922,173.0,130.0,0.66484934,197.0,134.0,0.61034256,179.0,129.0,0.6958604,214.0,151.0,0.7508666,176.0,146.0,0.5983091,201.0,126.0,0.8554635,148.0,118.0,0.7149068,184.0,93.0,0.6074876,133.0,91.0,0.723352,234.0,209.0,0.82412934,206.0,208.0,0.6159854,189.0,246.0,0.8407134,172.0,240.0,0.60600823,204.0,287.0,0.80932987,193.0,283.0,0.91815686,0,chair
chair\guy_chair112.jpg,169.0,136.0,0.6997702,175.0,130.0,0.7298207,168.0,129.0,0.6590347,190.0,131.0,0.7811067,174.0,128.0,0.5281207,207.0,148.0,0.73832524,170.0,144.0,0.6260749,189.0,118.0,0.8137133,144.0,116.0,0.879999,172.0,94.0,0.62994397,130.0,92.0,0.46477738,230.0,210.0,0.9503837,205.0,209.0,0.70822203,182.0,244.0,0.86280864,167.0,240.0,0.6943472,200.0,290.0,0.8106691,190.0,285.0,0.86379254,0,chair
chair\guy_chair113.jpg,166.0,135.0,0.7764038,173.0,129.0,0.7866537,166.0,128.0,0.7721294,188.0,131.0,0.60031563,172.0,128.0,0.6920017,206.0,149.0,0.7156159,169.0,143.0,0.6364557,188.0,118.0,0.86740565,143.0,115.0,0.7186154,169.0,94.0,0.6021143,129.0,92.0,0.36104393,230.0,211.0,0.92525244,204.0,209.0,0.7976757,180.0,244.0,0.79392135,165.0,241.0,0.82547414,199.0,290.0,0.8398004,189.0,285.0,0.8813585,0,chair
chair\guy_chair115.jpg,162.0,135.0,0.77969956,168.0,129.0,0.726532,162.0,128.0,0.720671,184.0,130.0,0.7622227,171.0,128.0,0.58781576,204.0,150.0,0.6147026,168.0,144.0,0.74828094,181.0,118.0,0.7705419,139.0,114.0,0.74453807,162.0,92.0,0.64169365,126.0,92.0,0.40123752,227.0,211.0,0.96219665,202.0,209.0,0.8786243,175.0,245.0,0.8730127,161.0,239.0,0.8775458,196.0,288.0,0.8178481,185.0,284.0,0.88306963,0,chair
chair\guy_chair116.jpg,159.0,134.0,0.68271124,166.0,129.0,0.8336628,160.0,128.0,0.71024734,181.0,130.0,0.75391257,170.0,128.0,0.66505665,201.0,149.0,0.64970803,167.0,144.0,0.76222587,179.0,118.0,0.6960741,140.0,115.0,0.58044666,157.0,90.0,0.6499209,123.0,88.0,0.5347682,226.0,210.0,0.9453281,202.0,208.0,0.8682173,172.0,244.0,0.8020017,159.0,238.0,0.83467793,195.0,289.0,0.8503015,184.0,285.0,0.87799704,0,chair
chair\guy_chair118.jpg,154.0,133.0,0.7848122,160.0,127.0,0.6060755,155.0,126.0,0.50683045,175.0,128.0,0.72976756,166.0,126.0,0.7558737,196.0,147.0,0.73859495,163.0,143.0,0.7690389,172.0,113.0,0.6540292,137.0,115.0,0.7229686,149.0,91.0,0.6485622,120.0,90.0,0.42486435,223.0,210.0,0.9014412,200.0,206.0,0.8370992,167.0,242.0,0.7534638,155.0,236.0,0.7399031,191.0,288.0,0.8804246,182.0,284.0,0.76384044,0,chair
chair\guy_chair121.jpg,147.0,130.0,0.65187585,152.0,125.0,0.7384441,149.0,124.0,0.7732607,167.0,126.0,0.68795985,161.0,124.0,0.6022803,191.0,147.0,0.81226724,161.0,143.0,0.6591244,166.0,114.0,0.6001273,136.0,114.0,0.313975,138.0,90.0,0.7917732,115.0,88.0,0.4112605,216.0,209.0,0.87999904,195.0,205.0,0.8807941,159.0,240.0,0.83548063,147.0,232.0,0.81693494,185.0,285.0,0.68464786,175.0,280.0,0.9261249,0,chair
chair\guy_chair122.jpg,145.0,128.0,0.6080799,149.0,123.0,0.52605796,147.0,122.0,0.5971141,164.0,125.0,0.7426872,160.0,123.0,0.72836316,187.0,144.0,0.8160857,158.0,140.0,0.7457889,163.0,111.0,0.5197467,128.0,109.0,0.7888676,135.0,88.0,0.7492838,114.0,85.0,0.44923773,215.0,208.0,0.84620535,193.0,203.0,0.86626786,157.0,237.0,0.8865018,146.0,230.0,0.8966826,184.0,284.0,0.8179145,174.0,279.0,0.7668456,0,chair
chair\guy_chair124.jpg,141.0,128.0,0.7043655,145.0,124.0,0.63874865,143.0,123.0,0.5900953,160.0,124.0,0.7766545,157.0,123.0,0.7031574,184.0,143.0,0.85039026,157.0,140.0,0.7381072,155.0,109.0,0.57814366,126.0,106.0,0.65768397,130.0,88.0,0.73255104,112.0,85.0,0.38479266,211.0,206.0,0.94608396,190.0,201.0,0.86951923,152.0,236.0,0.7868463,142.0,228.0,0.86996806,181.0,283.0,0.8876814,172.0,277.0,0.8288983,0,chair
chair\guy_chair125.jpg,140.0,128.0,0.5321753,144.0,123.0,0.39632872,142.0,122.0,0.52703434,158.0,123.0,0.69531673,154.0,122.0,0.64553416,182.0,141.0,0.8807013,155.0,139.0,0.71153533,154.0,110.0,0.5158471,124.0,104.0,0.6917267,129.0,88.0,0.5890374,120.0,92.0,0.15200573,209.0,205.0,0.9516994,188.0,200.0,0.8857893,150.0,235.0,0.74705213,140.0,227.0,0.8361845,178.0,282.0,0.6134559,170.0,275.0,0.6527295,0,chair
chair\guy_chair126.jpg,138.0,127.0,0.69282025,142.0,122.0,0.64101756,140.0,122.0,0.6449746,155.0,122.0,0.66741586,152.0,122.0,0.7129288,179.0,139.0,0.85093,154.0,139.0,0.7085854,150.0,109.0,0.6205219,121.0,102.0,0.7535368,127.0,87.0,0.47099367,121.0,86.0,0.20806944,208.0,204.0,0.852687,187.0,199.0,0.8779501,147.0,234.0,0.87002677,139.0,225.0,0.7757008,177.0,281.0,0.8397799,169.0,274.0,0.8536503,0,chair
chair\guy_chair127.jpg,138.0,125.0,0.4704034,142.0,120.0,0.6412374,139.0,120.0,0.49948627,154.0,121.0,0.6591356,150.0,120.0,0.7223024,177.0,137.0,0.83926356,153.0,136.0,0.690761,147.0,109.0,0.63069665,133.0,111.0,0.26839828,123.0,87.0,0.4617903,117.0,94.0,0.19928205,206.0,203.0,0.8466289,187.0,198.0,0.8972633,145.0,232.0,0.891492,138.0,223.0,0.81087655,176.0,280.0,0.8677507,168.0,272.0,0.8658607,0,chair
chair\guy_chair131.jpg,130.0,121.0,0.5884597,134.0,116.0,0.5898945,132.0,115.0,0.63168734,148.0,117.0,0.7660023,146.0,115.0,0.71066934,170.0,133.0,0.8699341,150.0,132.0,0.7171508,136.0,104.0,0.614281,131.0,106.0,0.3394838,117.0,83.0,0.2018866,108.0,81.0,0.47771037,201.0,200.0,0.93644655,185.0,195.0,0.8957138,140.0,227.0,0.82312965,133.0,218.0,0.66271985,169.0,274.0,0.7084451,163.0,266.0,0.8848636,0,chair
chair\guy_chair133.jpg,129.0,120.0,0.5870027,131.0,114.0,0.6185458,130.0,114.0,0.69795537,144.0,115.0,0.7694298,143.0,114.0,0.7108867,166.0,130.0,0.9127077,150.0,130.0,0.58077145,133.0,104.0,0.61419106,129.0,105.0,0.35042,107.0,77.0,0.41127753,104.0,75.0,0.54264766,198.0,197.0,0.94419813,183.0,193.0,0.88955605,137.0,223.0,0.82554555,131.0,215.0,0.7326896,167.0,271.0,0.77595323,160.0,263.0,0.91028476,0,chair
chair\guy_chair134.jpg,128.0,120.0,0.5586777,130.0,114.0,0.64600027,129.0,114.0,0.7099714,141.0,114.0,0.6992497,142.0,113.0,0.74200326,164.0,129.0,0.9114858,151.0,129.0,0.724264,129.0,104.0,0.50028396,127.0,106.0,0.2504111,104.0,76.0,0.48506758,104.0,74.0,0.5192904,198.0,197.0,0.92503726,183.0,192.0,0.88482445,136.0,222.0,0.88027656,130.0,214.0,0.825284,167.0,270.0,0.8465873,161.0,263.0,0.8566344,0,chair
chair\guy_chair136.jpg,128.0,115.0,0.66679233,131.0,110.0,0.5152627,130.0,110.0,0.52466553,143.0,111.0,0.53844357,142.0,110.0,0.63254035,164.0,127.0,0.8739011,148.0,127.0,0.6908589,128.0,101.0,0.6660178,126.0,99.0,0.46366125,104.0,74.0,0.33591792,101.0,73.0,0.6108463,196.0,194.0,0.94037735,181.0,190.0,0.8721999,135.0,219.0,0.856647,130.0,212.0,0.84389627,164.0,267.0,0.76843584,159.0,260.0,0.8595053,0,chair
chair\guy_chair138.jpg,127.0,111.0,0.6789033,130.0,105.0,0.739567,129.0,105.0,0.49900854,142.0,107.0,0.5485555,141.0,106.0,0.6672594,162.0,122.0,0.87249064,144.0,124.0,0.791373,127.0,96.0,0.6650327,125.0,96.0,0.4852302,104.0,70.0,0.3465941,102.0,69.0,0.68622327,195.0,190.0,0.9456216,179.0,187.0,0.8963171,134.0,217.0,0.8779181,129.0,210.0,0.8362833,163.0,266.0,0.81258583,158.0,259.0,0.81473327,0,chair
chair\guy_chair140.jpg,127.0,102.0,0.59725237,131.0,97.0,0.7087301,130.0,96.0,0.6995445,144.0,99.0,0.52286804,143.0,98.0,0.64214945,161.0,116.0,0.7722048,145.0,116.0,0.5670529,128.0,91.0,0.60644877,124.0,91.0,0.44155613,103.0,61.0,0.42919564,101.0,59.0,0.66925657,191.0,187.0,0.8719572,176.0,184.0,0.8655939,132.0,216.0,0.8613539,127.0,209.0,0.8868549,162.0,263.0,0.8223461,158.0,258.0,0.7340685,0,chair
chair\guy_chair145.jpg,134.0,77.0,0.56563175,137.0,71.0,0.54851514,137.0,71.0,0.5953432,149.0,76.0,0.6619973,149.0,75.0,0.61826056,161.0,94.0,0.72242534,153.0,94.0,0.78477347,129.0,69.0,0.64128995,128.0,69.0,0.6611969,105.0,36.0,0.5964639,107.0,34.0,0.6958903,179.0,172.0,0.87148154,173.0,171.0,0.8706608,129.0,210.0,0.678619,124.0,205.0,0.7741062,160.0,258.0,0.74777544,156.0,255.0,0.5497656,0,chair
chair\guy_chair149.jpg,139.0,62.0,0.63140345,141.0,57.0,0.7090768,142.0,57.0,0.6908393,153.0,61.0,0.5838493,155.0,59.0,0.5833618,163.0,83.0,0.6812083,157.0,82.0,0.84415746,132.0,49.0,0.5516814,132.0,50.0,0.42215925,114.0,14.0,0.61698437,115.0,14.0,0.61496615,171.0,162.0,0.79344964,165.0,161.0,0.87812424,128.0,209.0,0.7214993,122.0,205.0,0.81401575,159.0,257.0,0.81233364,154.0,250.0,0.67354155,0,chair
cobra\girl1_cobra073.jpg,59.0,72.0,0.67580473,73.0,59.0,0.84798944,54.0,61.0,0.7194029,105.0,62.0,0.84200156,56.0,64.0,0.18765673,145.0,114.0,0.5126783,69.0,116.0,0.58113503,187.0,164.0,0.7017629,84.0,155.0,0.39638644,255.0,162.0,0.6706031,53.0,136.0,0.4839053,165.0,208.0,0.59353447,137.0,203.0,0.2574886,208.0,188.0,0.29769927,193.0,180.0,0.1318048,229.0,181.0,0.17376927,214.0,185.0,0.20710814,1,cobra
cobra\girl1_cobra078.jpg,47.0,73.0,0.6736928,60.0,60.0,0.5474397,41.0,63.0,0.66392106,93.0,62.0,0.630646,43.0,66.0,0.13916743,139.0,116.0,0.73818094,56.0,120.0,0.5122787,180.0,163.0,0.81210625,81.0,157.0,0.29227415,246.0,163.0,0.45971012,54.0,134.0,0.27345824,168.0,206.0,0.4016922,144.0,200.0,0.32645494,208.0,187.0,0.34558284,207.0,183.0,0.16735888,228.0,183.0,0.16754067,246.0,165.0,0.2580264,1,cobra
cobra\girl1_cobra137.jpg,20.0,182.0,0.68067205,24.0,171.0,0.8184767,17.0,172.0,0.63124585,53.0,158.0,0.49022192,33.0,163.0,0.1935525,100.0,169.0,0.27007347,59.0,160.0,0.3806479,165.0,150.0,0.45174554,100.0,141.0,0.25586826,191.0,165.0,0.22974592,54.0,133.0,0.15745384,161.0,187.0,0.727746,139.0,184.0,0.609918,221.0,184.0,0.4716039,195.0,183.0,0.1808438,277.0,176.0,0.7083517,246.0,173.0,0.13636222,1,cobra
cobra\girl2_cobra030.jpg,41.0,174.0,0.3364426,42.0,171.0,0.41594946,42.0,170.0,0.2753745,50.0,172.0,0.43056452,57.0,169.0,0.1709373,62.0,189.0,0.40939915,83.0,181.0,0.5416005,84.0,198.0,0.44415855,110.0,192.0,0.24380383,49.0,197.0,0.4701361,123.0,192.0,0.62064326,112.0,217.0,0.4399894,119.0,209.0,0.46869248,172.0,224.0,0.33829537,173.0,222.0,0.47448227,207.0,220.0,0.13317397,208.0,219.0,0.20668158,1,cobra
cobra\girl2_cobra033.jpg,47.0,170.0,0.31653517,46.0,168.0,0.3382729,49.0,166.0,0.2237998,52.0,171.0,0.47286302,64.0,166.0,0.42057055,65.0,188.0,0.6824781,89.0,180.0,0.76634324,85.0,203.0,0.5904962,119.0,195.0,0.8157134,49.0,199.0,0.6677742,134.0,183.0,0.6747315,113.0,220.0,0.75802106,120.0,214.0,0.59591174,165.0,227.0,0.38243282,168.0,224.0,0.5043544,213.0,225.0,0.37486553,212.0,223.0,0.45974696,1,cobra
cobra\girl2_cobra035.jpg,49.0,168.0,0.23809582,48.0,165.0,0.3181981,51.0,164.0,0.23362562,53.0,167.0,0.5209661,66.0,165.0,0.41840628,67.0,184.0,0.6154811,89.0,179.0,0.5811338,85.0,202.0,0.7519568,120.0,195.0,0.75607836,48.0,199.0,0.6008492,137.0,182.0,0.50075567,113.0,221.0,0.6828653,121.0,214.0,0.56941557,168.0,227.0,0.33211732,169.0,223.0,0.37980622,213.0,228.0,0.2027238,212.0,224.0,0.38369572,1,cobra
cobra\girl2_cobra040.jpg,55.0,162.0,0.30080882,54.0,159.0,0.32737637,56.0,159.0,0.24905306,60.0,160.0,0.50857913,75.0,159.0,0.3248207,69.0,178.0,0.68621624,95.0,179.0,0.5140889,81.0,203.0,0.8118628,124.0,198.0,0.56560934,49.0,202.0,0.7623702,145.0,184.0,0.6539046,111.0,222.0,0.30860838,123.0,218.0,0.26392567,158.0,229.0,0.21561557,156.0,228.0,0.29178494,197.0,225.0,0.18312004,196.0,225.0,0.13409364,1,cobra
cobra\girl2_cobra041.jpg,56.0,162.0,0.2784571,56.0,159.0,0.42302626,58.0,159.0,0.24392876,62.0,160.0,0.42400292,77.0,159.0,0.32086194,70.0,178.0,0.64457226,96.0,179.0,0.5367119,81.0,203.0,0.79372966,125.0,199.0,0.68466544,49.0,204.0,0.75420743,146.0,185.0,0.5413918,111.0,220.0,0.33016342,122.0,217.0,0.3857913,157.0,230.0,0.1955047,158.0,228.0,0.32469195,204.0,227.0,0.21888387,203.0,231.0,0.22895366,1,cobra
cobra\girl2_cobra042.jpg,57.0,163.0,0.2846849,57.0,160.0,0.33373332,58.0,159.0,0.21790934,63.0,161.0,0.43236393,79.0,159.0,0.27825105,72.0,177.0,0.7185565,98.0,179.0,0.5382266,80.0,203.0,0.8595128,126.0,199.0,0.5603142,48.0,204.0,0.7021616,148.0,186.0,0.56243235,113.0,220.0,0.28629082,125.0,216.0,0.22102535,156.0,230.0,0.24237224,157.0,228.0,0.32381803,203.0,229.0,0.18631461,203.0,235.0,0.2943,1,cobra
cobra\girl2_cobra044.jpg,61.0,161.0,0.2568227,60.0,159.0,0.34053385,63.0,158.0,0.16836938,65.0,160.0,0.58276695,85.0,158.0,0.28896928,73.0,178.0,0.69291884,101.0,178.0,0.57375807,81.0,204.0,0.75633097,126.0,200.0,0.50292176,48.0,205.0,0.740977,151.0,187.0,0.55708367,112.0,221.0,0.27380288,126.0,217.0,0.22542557,162.0,229.0,0.169399,161.0,229.0,0.33938706,204.0,228.0,0.13241386,206.0,238.0,0.23708457,1,cobra
cobra\girl2_cobra045.jpg,63.0,161.0,0.29501408,63.0,158.0,0.43043444,66.0,158.0,0.15366518,68.0,159.0,0.47524583,87.0,158.0,0.36967346,75.0,178.0,0.61913496,101.0,178.0,0.6318288,82.0,204.0,0.78016096,128.0,200.0,0.4682433,48.0,205.0,0.8183304,153.0,187.0,0.58888996,112.0,221.0,0.18637261,125.0,217.0,0.1395559,163.0,227.0,0.1723687,156.0,228.0,0.36470115,198.0,227.0,0.10567713,200.0,236.0,0.24769503,1,cobra
cobra\girl2_cobra051.jpg,75.0,158.0,0.15394264,70.0,155.0,0.38252303,81.0,154.0,0.17480782,73.0,160.0,0.4110198,92.0,158.0,0.54725945,76.0,180.0,0.53569,107.0,176.0,0.5421803,81.0,205.0,0.5910652,132.0,199.0,0.4641142,51.0,205.0,0.59639406,159.0,188.0,0.45935845,108.0,218.0,0.5013379,123.0,214.0,0.4212948,160.0,230.0,0.19759658,171.0,227.0,0.20394495,209.0,248.0,0.26637405,212.0,242.0,0.29769856,1,cobra
cobra\girl2_cobra052.jpg,76.0,159.0,0.16561013,73.0,155.0,0.311413,82.0,155.0,0.20475098,75.0,160.0,0.5018928,93.0,158.0,0.40027732,77.0,180.0,0.53725976,108.0,176.0,0.46558306,81.0,205.0,0.5795554,132.0,198.0,0.4679575,49.0,205.0,0.4993466,160.0,188.0,0.4699931,108.0,220.0,0.45854777,124.0,215.0,0.46229857,155.0,230.0,0.24006942,171.0,227.0,0.20578188,206.0,248.0,0.266326,211.0,242.0,0.2545936,1,cobra
cobra\girl2_cobra055.jpg,77.0,159.0,0.3162032,77.0,154.0,0.4077441,82.0,155.0,0.26030472,82.0,159.0,0.41785508,96.0,157.0,0.5173666,81.0,180.0,0.54956335,111.0,177.0,0.5759903,82.0,205.0,0.46852952,132.0,198.0,0.53152597,51.0,206.0,0.5766616,161.0,190.0,0.50402606,109.0,220.0,0.43677476,127.0,214.0,0.34816355,167.0,231.0,0.19194615,185.0,226.0,0.49760035,211.0,253.0,0.19585255,213.0,250.0,0.23167977,1,cobra
cobra\girl2_cobra056.jpg,78.0,164.0,0.21538094,78.0,160.0,0.289444,82.0,160.0,0.11794591,82.0,161.0,0.44601214,100.0,159.0,0.3623659,84.0,182.0,0.6636398,113.0,181.0,0.593483,86.0,206.0,0.5780479,135.0,202.0,0.5277333,53.0,206.0,0.71294904,162.0,190.0,0.43702286,111.0,221.0,0.25616807,125.0,221.0,0.18280113,186.0,226.0,0.2915339,147.0,228.0,0.17667305,189.0,242.0,0.335881,187.0,241.0,0.21101296,1,cobra
cobra\girl2_cobra060.jpg,83.0,162.0,0.23473677,82.0,160.0,0.26166677,86.0,159.0,0.12908792,85.0,161.0,0.55292755,104.0,161.0,0.49987018,86.0,183.0,0.60964197,117.0,181.0,0.58382666,89.0,207.0,0.6012327,136.0,202.0,0.49102688,55.0,207.0,0.6392126,164.0,189.0,0.36722153,109.0,220.0,0.301306,115.0,217.0,0.25977635,180.0,228.0,0.49325567,145.0,231.0,0.3150847,183.0,244.0,0.23499554,180.0,244.0,0.22268957,1,cobra
cobra\girl2_cobra064.jpg,89.0,162.0,0.14238095,87.0,159.0,0.23707587,93.0,159.0,0.14699715,89.0,161.0,0.531186,108.0,160.0,0.42622316,89.0,183.0,0.63620204,119.0,182.0,0.41772687,90.0,207.0,0.57448864,138.0,202.0,0.30709875,166.0,190.0,0.41989627,166.0,190.0,0.20467192,121.0,216.0,0.18177441,110.0,220.0,0.38064831,172.0,230.0,0.25924522,131.0,215.0,0.1795182,179.0,258.0,0.39379957,172.0,246.0,0.11910868,1,cobra
cobra\girl2_cobra069.jpg,102.0,158.0,0.19014424,95.0,157.0,0.4027736,101.0,156.0,0.2772951,96.0,159.0,0.41872978,103.0,159.0,0.28779963,126.0,179.0,0.82756656,97.0,180.0,0.41421878,140.0,202.0,0.80519277,94.0,205.0,0.7449134,168.0,190.0,0.87408745,62.0,206.0,0.17238015,129.0,210.0,0.72619087,108.0,216.0,0.6623682,149.0,228.0,0.31961226,131.0,236.0,0.607546,176.0,245.0,0.10853881,158.0,247.0,0.15938178,1,cobra
cobra\girl2_cobra075.jpg,115.0,156.0,0.12882152,108.0,155.0,0.23546436,116.0,154.0,0.10785422,107.0,158.0,0.45380569,123.0,157.0,0.3883376,135.0,178.0,0.81794286,106.0,180.0,0.6496474,148.0,200.0,0.7818216,102.0,203.0,0.79100794,176.0,188.0,0.6962756,70.0,203.0,0.52268946,133.0,211.0,0.65578115,113.0,214.0,0.59042025,149.0,228.0,0.3753608,129.0,233.0,0.6413669,170.0,247.0,0.33787173,170.0,247.0,0.4328597,1,cobra
cobra\girl2_cobra078.jpg,123.0,154.0,0.13259047,116.0,153.0,0.251365,128.0,151.0,0.2528208,114.0,157.0,0.47492442,132.0,155.0,0.4799216,110.0,178.0,0.8044257,141.0,176.0,0.6444341,106.0,201.0,0.7422878,153.0,199.0,0.73716044,75.0,201.0,0.5706539,180.0,188.0,0.3165833,118.0,213.0,0.61939013,141.0,210.0,0.63125014,132.0,234.0,0.5953661,151.0,227.0,0.65113246,143.0,253.0,0.5500821,167.0,250.0,0.6462978,1,cobra
cobra\girl2_cobra081.jpg,127.0,154.0,0.18602195,125.0,152.0,0.40152016,127.0,152.0,0.3794404,137.0,153.0,0.23539287,128.0,154.0,0.15113455,150.0,174.0,0.75500417,118.0,175.0,0.87112725,160.0,198.0,0.8022983,114.0,199.0,0.8556783,187.0,186.0,0.8799298,85.0,199.0,0.6290729,147.0,205.0,0.7519609,127.0,207.0,0.52135706,160.0,227.0,0.5575134,133.0,229.0,0.5066658,167.0,252.0,0.62318414,143.0,251.0,0.6613548,1,cobra
cobra\girl2_cobra082.jpg,133.0,152.0,0.28966644,129.0,150.0,0.48974234,134.0,150.0,0.3406639,126.0,153.0,0.55660456,142.0,153.0,0.56363714,123.0,174.0,0.6759145,151.0,173.0,0.5651832,163.0,197.0,0.8264623,117.0,198.0,0.73871756,190.0,186.0,0.8253299,88.0,198.0,0.5472598,141.0,205.0,0.5203963,144.0,206.0,0.53936833,162.0,228.0,0.3873927,151.0,226.0,0.11460468,166.0,249.0,0.26748854,144.0,251.0,0.1351957,1,cobra
cobra\girl2_cobra084.jpg,143.0,153.0,0.39536217,147.0,151.0,0.4473416,139.0,151.0,0.5062547,152.0,153.0,0.52943075,133.0,153.0,0.4683455,160.0,173.0,0.93606627,127.0,173.0,0.9486984,168.0,197.0,0.9086691,121.0,197.0,0.9034993,195.0,186.0,0.71067166,94.0,198.0,0.7576184,155.0,202.0,0.86151814,134.0,203.0,0.7947962,165.0,228.0,0.7230051,138.0,228.0,0.39317814,166.0,243.0,0.41125184,142.0,245.0,0.2923607,1,cobra
cobra\girl2_cobra085.jpg,146.0,151.0,0.31104803,143.0,149.0,0.3009638,149.0,148.0,0.49004224,138.0,153.0,0.45807695,153.0,152.0,0.5806327,131.0,173.0,0.7370547,162.0,173.0,0.8528658,125.0,197.0,0.4855601,170.0,195.0,0.33417556,198.0,186.0,0.6583061,198.0,186.0,0.3856784,139.0,206.0,0.5606757,157.0,205.0,0.6996328,142.0,228.0,0.13631791,163.0,224.0,0.21607059,145.0,258.0,0.4172636,168.0,252.0,0.45147553,1,cobra
cobra\girl2_cobra089.jpg,160.0,150.0,0.48944584,164.0,147.0,0.57026136,156.0,147.0,0.55798393,169.0,150.0,0.6206214,151.0,150.0,0.4833699,176.0,172.0,0.82714814,144.0,172.0,0.93801665,183.0,196.0,0.8889309,136.0,196.0,0.9229719,210.0,186.0,0.7186491,108.0,196.0,0.8348709,171.0,203.0,0.8233932,149.0,203.0,0.63250685,171.0,216.0,0.528423,148.0,217.0,0.34379047,171.0,249.0,0.6575744,146.0,251.0,0.77100694,1,cobra
cobra\girl2_cobra091.jpg,164.0,150.0,0.21218383,162.0,148.0,0.42671144,163.0,148.0,0.4435194,170.0,150.0,0.21411926,162.0,150.0,0.17991757,182.0,171.0,0.94316304,149.0,171.0,0.8684643,188.0,196.0,0.6826034,142.0,196.0,0.88395524,216.0,186.0,0.8835062,114.0,195.0,0.76715374,175.0,202.0,0.8567911,154.0,201.0,0.80033344,175.0,220.0,0.5874596,152.0,217.0,0.2666871,171.0,249.0,0.65804434,148.0,248.0,0.83509505,1,cobra
cobra\girl2_cobra092.jpg,165.0,151.0,0.22326532,170.0,148.0,0.51450187,162.0,149.0,0.6796596,177.0,150.0,0.54874676,162.0,150.0,0.56906307,186.0,171.0,0.9171721,153.0,171.0,0.94029015,191.0,197.0,0.83489466,145.0,195.0,0.79866767,219.0,187.0,0.56940424,117.0,195.0,0.81350195,178.0,201.0,0.8689059,158.0,201.0,0.75881624,177.0,221.0,0.55596966,154.0,218.0,0.35934573,173.0,248.0,0.59845144,148.0,245.0,0.8265748,1,cobra
cobra\girl2_cobra095.jpg,174.0,152.0,0.27987748,180.0,148.0,0.501105,172.0,149.0,0.48323599,187.0,150.0,0.5712173,172.0,150.0,0.45599237,195.0,172.0,0.90631026,162.0,171.0,0.9211271,200.0,197.0,0.87262297,153.0,196.0,0.8876742,229.0,187.0,0.8428138,124.0,195.0,0.6931858,187.0,202.0,0.8037876,166.0,201.0,0.7885418,183.0,219.0,0.6496412,160.0,217.0,0.5333481,174.0,251.0,0.7395984,151.0,245.0,0.7025729,1,cobra
cobra\girl2_cobra103.jpg,207.0,149.0,0.27737594,211.0,146.0,0.3111123,204.0,145.0,0.2767155,213.0,148.0,0.1456359,196.0,147.0,0.26921657,216.0,172.0,0.79371965,186.0,170.0,0.75545865,221.0,196.0,0.7355717,172.0,194.0,0.53839177,251.0,188.0,0.74610496,145.0,193.0,0.5442903,206.0,206.0,0.6092156,185.0,204.0,0.5449912,196.0,223.0,0.21868473,170.0,221.0,0.11510882,172.0,254.0,0.43561873,146.0,253.0,0.3830331,1,cobra
cobra\girl2_cobra107.jpg,219.0,146.0,0.11812931,220.0,143.0,0.18429717,215.0,142.0,0.18722689,208.0,144.0,0.26346284,212.0,145.0,0.22787517,224.0,170.0,0.68701136,195.0,169.0,0.7443569,229.0,196.0,0.7330436,177.0,193.0,0.8135341,259.0,188.0,0.5688823,150.0,190.0,0.6697458,213.0,210.0,0.57467335,190.0,206.0,0.547509,195.0,228.0,0.31705666,167.0,229.0,0.4170591,166.0,254.0,0.33593982,140.0,253.0,0.5308156,1,cobra
cobra\girl2_cobra109.jpg,231.0,146.0,0.29852998,227.0,142.0,0.18888941,230.0,142.0,0.38425276,209.0,143.0,0.32571322,224.0,144.0,0.39224875,226.0,169.0,0.45300573,200.0,168.0,0.32911348,233.0,196.0,0.42589056,179.0,192.0,0.6910894,264.0,187.0,0.37281477,152.0,189.0,0.6388294,214.0,211.0,0.5607704,190.0,206.0,0.3792039,194.0,231.0,0.36650997,167.0,228.0,0.43408573,159.0,254.0,0.30427152,135.0,253.0,0.50819695,1,cobra
cobra\girl2_cobra120.jpg,244.0,136.0,0.20145115,240.0,131.0,0.15965897,244.0,133.0,0.39178136,219.0,133.0,0.39687383,237.0,135.0,0.5072284,206.0,156.0,0.71181566,234.0,157.0,0.5664361,178.0,182.0,0.63664883,245.0,187.0,0.49237823,158.0,178.0,0.70407075,276.0,179.0,0.7278739,203.0,205.0,0.5822396,207.0,206.0,0.45676902,172.0,231.0,0.5792034,160.0,223.0,0.25822702,128.0,247.0,0.18452656,119.0,246.0,0.2972504,1,cobra
cobra\girl2_cobra122.jpg,245.0,134.0,0.24450025,240.0,129.0,0.16524309,244.0,131.0,0.30743927,219.0,131.0,0.40373218,238.0,134.0,0.52273047,206.0,153.0,0.7979107,234.0,155.0,0.6453444,179.0,181.0,0.6533384,244.0,186.0,0.5663857,157.0,176.0,0.46321416,275.0,177.0,0.6651053,202.0,206.0,0.51454496,202.0,205.0,0.47445223,165.0,230.0,0.6457604,154.0,224.0,0.20006695,112.0,247.0,0.34583092,109.0,244.0,0.44697958,1,cobra
cobra\girl2_cobra127.jpg,247.0,136.0,0.37049437,242.0,132.0,0.21491727,246.0,133.0,0.4822566,222.0,132.0,0.43599766,240.0,134.0,0.43953943,208.0,153.0,0.5696249,234.0,155.0,0.658973,177.0,179.0,0.7158495,236.0,184.0,0.5312013,161.0,174.0,0.67422193,267.0,170.0,0.63461894,188.0,202.0,0.55468345,199.0,207.0,0.49088204,142.0,221.0,0.3974381,148.0,224.0,0.44984186,100.0,238.0,0.19571683,99.0,237.0,0.1449433,1,cobra
cobra\girl2_cobra130.jpg,255.0,150.0,0.1674527,250.0,145.0,0.121105224,256.0,147.0,0.22539628,230.0,146.0,0.58901393,250.0,150.0,0.5063604,212.0,163.0,0.68404794,236.0,165.0,0.710155,180.0,178.0,0.26921242,230.0,183.0,0.21373585,170.0,177.0,0.5089463,261.0,167.0,0.52844954,180.0,200.0,0.4185388,191.0,206.0,0.44308323,138.0,220.0,0.34449103,136.0,219.0,0.30102408,86.0,231.0,0.13717523,92.0,224.0,0.158155,1,cobra
cobra\girl3_cobra060.jpg,253.0,216.0,0.19712743,261.0,214.0,0.16569498,255.0,210.0,0.23639733,264.0,217.0,0.21202049,256.0,213.0,0.21258938,239.0,219.0,0.21287501,242.0,196.0,0.1594513,222.0,236.0,0.16999349,212.0,155.0,0.14093211,206.0,206.0,0.11515191,202.0,185.0,0.11735335,198.0,184.0,0.24811116,204.0,174.0,0.25789344,175.0,137.0,0.19187868,164.0,140.0,0.35414472,153.0,92.0,0.24166986,153.0,95.0,0.28635955,1,cobra
cobra\girl3_cobra064.jpg,267.0,236.0,0.3040548,274.0,231.0,0.3304472,267.0,230.0,0.41344452,264.0,219.0,0.17641512,248.0,223.0,0.2520013,257.0,193.0,0.22010374,221.0,217.0,0.22538853,241.0,171.0,0.18426478,181.0,185.0,0.24320155,226.0,181.0,0.1631741,197.0,218.0,0.2980076,219.0,177.0,0.32069394,197.0,182.0,0.35292614,196.0,140.0,0.286929,160.0,145.0,0.26021758,154.0,74.0,0.14569137,152.0,77.0,0.18791604,1,cobra
cobra\girl3_cobra094.jpg,129.0,237.0,0.4626001,138.0,227.0,0.42494434,123.0,231.0,0.37639573,152.0,200.0,0.30947414,108.0,216.0,0.32894108,168.0,171.0,0.14531532,100.0,187.0,0.18468219,193.0,167.0,0.17758927,74.0,168.0,0.30360338,226.0,198.0,0.5670748,44.0,198.0,0.57327425,153.0,147.0,0.2931551,119.0,147.0,0.44997215,155.0,100.0,0.7603499,118.0,98.0,0.5920432,156.0,37.0,0.14346203,124.0,36.0,0.17558995,1,cobra
cobra\girl3_cobra096.jpg,117.0,232.0,0.4651124,125.0,225.0,0.42805713,108.0,225.0,0.4408507,140.0,208.0,0.19014442,92.0,206.0,0.21721712,152.0,217.0,0.17716783,135.0,168.0,0.14527121,175.0,155.0,0.20771968,177.0,157.0,0.29137772,226.0,185.0,0.49098483,227.0,185.0,0.4378562,108.0,140.0,0.27016437,151.0,135.0,0.3358342,120.0,94.0,0.31914607,152.0,94.0,0.32595336,124.0,47.0,0.17896861,124.0,47.0,0.22792086,1,cobra
cobra\girl3_cobra098.jpg,106.0,231.0,0.4519679,115.0,225.0,0.47583348,98.0,222.0,0.34887254,136.0,208.0,0.36155677,93.0,208.0,0.20930842,151.0,178.0,0.25534213,85.0,171.0,0.20259288,175.0,158.0,0.15404427,69.0,153.0,0.39409348,222.0,171.0,0.52201325,21.0,166.0,0.6581905,143.0,142.0,0.4448539,112.0,139.0,0.48940775,150.0,92.0,0.55657965,120.0,91.0,0.4309848,155.0,25.0,0.14630648,156.0,27.0,0.5084123,1,cobra
cobra\girl3_cobra101.jpg,93.0,218.0,0.31082314,100.0,214.0,0.35781947,87.0,205.0,0.33337343,118.0,194.0,0.22409424,90.0,190.0,0.16121268,91.0,152.0,0.19816694,111.0,150.0,0.19088712,70.0,142.0,0.2566595,71.0,144.0,0.4146104,218.0,155.0,0.42798632,19.0,139.0,0.43367192,117.0,135.0,0.20838013,133.0,133.0,0.2804254,118.0,83.0,0.54217404,120.0,84.0,0.2984181,131.0,21.0,0.15415967,128.0,23.0,0.23178485,1,cobra
cobra\girl3_cobra116.jpg,78.0,161.0,0.5801917,89.0,152.0,0.66849566,70.0,151.0,0.5062422,113.0,140.0,0.32426822,66.0,139.0,0.22347459,136.0,137.0,0.59816056,71.0,128.0,0.40806985,165.0,138.0,0.6090684,63.0,122.0,0.25640047,203.0,155.0,0.80710626,31.0,118.0,0.6602737,150.0,105.0,0.71294314,113.0,98.0,0.71169734,162.0,75.0,0.7594795,128.0,68.0,0.88619137,180.0,19.0,0.4723906,152.0,12.0,0.35272163,1,cobra
cobra\girl3_cobra117.jpg,78.0,158.0,0.59536463,89.0,149.0,0.6994113,70.0,147.0,0.6651689,114.0,137.0,0.28930312,67.0,134.0,0.30036333,137.0,134.0,0.70615023,68.0,124.0,0.5679455,165.0,135.0,0.49817976,62.0,117.0,0.18120766,204.0,153.0,0.7981227,31.0,115.0,0.7146952,148.0,103.0,0.67174447,113.0,96.0,0.78342354,163.0,72.0,0.78802323,130.0,67.0,0.7861186,181.0,16.0,0.61451983,154.0,9.0,0.6151722,1,cobra
cobra\girl3_cobra118.jpg,78.0,156.0,0.53654844,90.0,146.0,0.75160617,71.0,145.0,0.59985274,115.0,134.0,0.442659,67.0,131.0,0.2686993,138.0,133.0,0.7076282,70.0,122.0,0.5856853,164.0,136.0,0.421817,63.0,114.0,0.14778027,203.0,152.0,0.82756644,33.0,112.0,0.7328687,148.0,103.0,0.6461936,113.0,96.0,0.7350895,166.0,72.0,0.8746496,132.0,67.0,0.80727124,183.0,15.0,0.6601669,157.0,8.0,0.5710591,1,cobra
cobra\girl3_cobra120.jpg,79.0,148.0,0.46457243,89.0,140.0,0.6741133,72.0,138.0,0.48829612,113.0,130.0,0.40276587,70.0,126.0,0.22883785,135.0,133.0,0.60075384,74.0,122.0,0.3022955,179.0,141.0,0.102339596,67.0,115.0,0.27160758,203.0,153.0,0.55031985,40.0,113.0,0.5577412,154.0,106.0,0.32518965,121.0,99.0,0.59418476,165.0,83.0,0.46827713,135.0,66.0,0.6479991,184.0,19.0,0.10838294,160.0,13.0,0.36001533,1,cobra
cobra\girl3_cobra123.jpg,82.0,143.0,0.5800024,92.0,134.0,0.7265095,75.0,132.0,0.57750744,117.0,124.0,0.5198216,71.0,121.0,0.23530877,139.0,129.0,0.6953421,76.0,114.0,0.41329575,175.0,138.0,0.13583586,70.0,110.0,0.25063866,204.0,150.0,0.7782278,45.0,107.0,0.6605806,150.0,102.0,0.5912581,116.0,96.0,0.59046674,171.0,79.0,0.7635031,139.0,69.0,0.81970376,190.0,21.0,0.319627,166.0,12.0,0.36054176,1,cobra
cobra\girl3_cobra125.jpg,82.0,145.0,0.5374968,93.0,136.0,0.57253724,76.0,134.0,0.6943159,119.0,126.0,0.6242342,74.0,122.0,0.23268229,141.0,129.0,0.69188064,76.0,117.0,0.44277868,170.0,133.0,0.3360725,72.0,108.0,0.26755452,204.0,151.0,0.75542414,47.0,105.0,0.6675452,148.0,104.0,0.4840272,118.0,96.0,0.68040264,174.0,76.0,0.72507536,144.0,70.0,0.6579619,194.0,21.0,0.43117428,171.0,13.0,0.5226083,1,cobra
cobra\girl3_cobra126.jpg,82.0,151.0,0.5167594,92.0,143.0,0.6536349,76.0,142.0,0.60681,119.0,132.0,0.41819477,73.0,132.0,0.2451008,143.0,130.0,0.73140347,75.0,124.0,0.38803136,172.0,134.0,0.29216674,72.0,108.0,0.3177516,205.0,151.0,0.7734566,49.0,104.0,0.5963845,153.0,104.0,0.5285672,118.0,97.0,0.6534375,175.0,80.0,0.60212284,144.0,71.0,0.76577544,195.0,23.0,0.26073784,173.0,14.0,0.33582485,1,cobra
cobra\guy1_cobra025.jpg,211.0,111.0,0.66482353,210.0,106.0,0.7556761,208.0,106.0,0.71168965,197.0,104.0,0.67434156,195.0,104.0,0.8790603,179.0,112.0,0.84072673,173.0,110.0,0.7071073,143.0,116.0,0.3368159,133.0,120.0,0.50470114,161.0,138.0,0.2781916,152.0,144.0,0.70124066,114.0,124.0,0.7091458,112.0,126.0,0.7415228,64.0,126.0,0.73578125,65.0,128.0,0.6632838,23.0,125.0,0.7685877,23.0,125.0,0.7118307,1,cobra
cobra\guy1_cobra026.jpg,208.0,110.0,0.6267864,206.0,106.0,0.60459995,205.0,106.0,0.48395857,195.0,103.0,0.6035256,192.0,103.0,0.8007481,179.0,112.0,0.7342254,170.0,109.0,0.7633284,162.0,119.0,0.3289802,132.0,120.0,0.50682586,167.0,134.0,0.38429388,151.0,145.0,0.66203827,114.0,125.0,0.78151405,111.0,126.0,0.82924724,65.0,126.0,0.70570034,64.0,129.0,0.71033293,24.0,125.0,0.7841661,23.0,125.0,0.7073852,1,cobra
cobra\guy1_cobra027.jpg,207.0,109.0,0.69881517,206.0,104.0,0.8154756,204.0,104.0,0.7314394,195.0,102.0,0.59559625,192.0,102.0,0.84385073,178.0,111.0,0.7913097,170.0,108.0,0.7826427,161.0,121.0,0.29914242,132.0,120.0,0.50465053,167.0,134.0,0.37982982,152.0,145.0,0.6174793,115.0,125.0,0.78615284,112.0,126.0,0.83499837,67.0,126.0,0.7256576,65.0,129.0,0.70338714,25.0,124.0,0.8221091,24.0,125.0,0.711695,1,cobra
cobra\guy1_cobra028.jpg,207.0,108.0,0.5436645,206.0,103.0,0.7078795,204.0,103.0,0.72766507,194.0,101.0,0.51144415,191.0,101.0,0.8391452,181.0,111.0,0.727992,170.0,108.0,0.7355412,165.0,124.0,0.4057143,132.0,119.0,0.4812693,170.0,134.0,0.41207176,152.0,144.0,0.5981496,116.0,125.0,0.7747913,113.0,126.0,0.8147347,69.0,125.0,0.7264192,66.0,129.0,0.7208388,28.0,124.0,0.81846213,25.0,125.0,0.7068577,1,cobra
cobra\guy1_cobra029.jpg,208.0,106.0,0.4878739,208.0,102.0,0.49808395,204.0,102.0,0.48160186,196.0,100.0,0.59683883,191.0,100.0,0.8493558,183.0,109.0,0.7836703,171.0,107.0,0.82231647,163.0,124.0,0.35193333,133.0,119.0,0.44114816,170.0,134.0,0.4582581,153.0,145.0,0.69963896,119.0,125.0,0.766606,116.0,125.0,0.8200221,71.0,124.0,0.7146511,68.0,130.0,0.7166543,31.0,122.0,0.77763355,27.0,124.0,0.81586516,1,cobra
cobra\guy1_cobra032.jpg,214.0,104.0,0.7020829,213.0,99.0,0.60023665,209.0,99.0,0.7518898,202.0,98.0,0.41789496,195.0,97.0,0.8361,189.0,109.0,0.75832975,175.0,107.0,0.78622085,169.0,128.0,0.47227198,138.0,122.0,0.606963,177.0,136.0,0.4960645,158.0,146.0,0.64467883,127.0,126.0,0.61661714,123.0,127.0,0.78526115,84.0,124.0,0.60859954,76.0,130.0,0.73490304,44.0,121.0,0.79556054,38.0,125.0,0.77159506,1,cobra
cobra\guy1_cobra037.jpg,225.0,98.0,0.83017105,224.0,94.0,0.81007767,220.0,94.0,0.7806275,214.0,93.0,0.55154234,206.0,93.0,0.77811444,205.0,108.0,0.59971595,183.0,105.0,0.6241251,185.0,125.0,0.6299334,152.0,123.0,0.70225406,195.0,139.0,0.7541708,170.0,148.0,0.7524791,147.0,127.0,0.6956849,139.0,127.0,0.7142192,105.0,123.0,0.6489155,94.0,128.0,0.67958677,72.0,119.0,0.6322928,59.0,122.0,0.7611513,1,cobra
cobra\guy1_cobra039.jpg,229.0,97.0,0.7345469,228.0,92.0,0.7505691,224.0,93.0,0.69966304,219.0,92.0,0.53482276,211.0,92.0,0.67562383,211.0,108.0,0.692148,185.0,104.0,0.66033614,194.0,125.0,0.46162137,155.0,125.0,0.7555602,202.0,140.0,0.9112091,175.0,151.0,0.7381894,151.0,129.0,0.63778067,142.0,129.0,0.74735343,111.0,125.0,0.6896623,102.0,127.0,0.65900177,78.0,120.0,0.6316014,67.0,123.0,0.6914069,1,cobra
cobra\guy1_cobra041.jpg,231.0,96.0,0.44221726,231.0,91.0,0.7488608,226.0,92.0,0.61956584,222.0,90.0,0.6666271,213.0,92.0,0.8296441,215.0,107.0,0.5976449,188.0,104.0,0.77322733,194.0,127.0,0.55011946,157.0,127.0,0.7945955,205.0,141.0,0.8692131,177.0,152.0,0.79816544,155.0,129.0,0.7386742,146.0,129.0,0.7658558,116.0,126.0,0.63839626,107.0,130.0,0.6838691,90.0,121.0,0.38376507,74.0,124.0,0.5155427,1,cobra
cobra\guy1_cobra045.jpg,232.0,95.0,0.81985396,233.0,90.0,0.7260632,227.0,89.0,0.72077423,224.0,89.0,0.76139534,213.0,89.0,0.8337531,218.0,107.0,0.68845034,185.0,104.0,0.77544767,202.0,127.0,0.43456262,157.0,129.0,0.7968554,213.0,145.0,0.84998405,178.0,155.0,0.7442379,162.0,132.0,0.64281523,148.0,132.0,0.74595696,127.0,127.0,0.41313362,112.0,130.0,0.6153683,96.0,121.0,0.5600699,83.0,123.0,0.5038655,1,cobra
cobra\guy1_cobra047.jpg,231.0,95.0,0.6926425,231.0,89.0,0.52444226,225.0,89.0,0.68076223,224.0,88.0,0.55314887,211.0,88.0,0.8947435,219.0,109.0,0.65415,183.0,104.0,0.6365453,201.0,127.0,0.61328846,156.0,130.0,0.71426713,213.0,147.0,0.8315477,176.0,156.0,0.80518186,161.0,135.0,0.6601206,147.0,135.0,0.77370787,131.0,127.0,0.3806166,115.0,128.0,0.44376847,107.0,121.0,0.3446861,88.0,122.0,0.43607992,1,cobra
cobra\guy1_cobra048.jpg,230.0,95.0,0.72291803,230.0,89.0,0.5651582,224.0,90.0,0.5405525,223.0,87.0,0.69863355,210.0,88.0,0.8746749,217.0,111.0,0.56987375,181.0,105.0,0.6868917,201.0,128.0,0.5905193,155.0,130.0,0.75223833,214.0,147.0,0.88414204,174.0,156.0,0.7967613,164.0,136.0,0.589683,148.0,135.0,0.7728518,131.0,126.0,0.3895657,114.0,129.0,0.7895642,103.0,121.0,0.38207746,87.0,123.0,0.52569187,1,cobra
cobra\guy1_cobra050.jpg,225.0,95.0,0.84432876,226.0,88.0,0.6111756,220.0,88.0,0.8096683,220.0,89.0,0.5253751,204.0,88.0,0.70777625,216.0,109.0,0.55537075,176.0,104.0,0.6025815,200.0,127.0,0.5827717,152.0,131.0,0.7169181,213.0,149.0,0.85929894,170.0,157.0,0.67103565,162.0,136.0,0.51662797,146.0,134.0,0.77197826,128.0,128.0,0.45474803,115.0,131.0,0.8222984,101.0,120.0,0.53550386,89.0,122.0,0.5703938,1,cobra
cobra\guy1_cobra053.jpg,216.0,94.0,0.66167533,218.0,88.0,0.7213353,210.0,88.0,0.61407596,213.0,88.0,0.6233422,195.0,87.0,0.5360861,209.0,110.0,0.6805867,169.0,105.0,0.6717892,194.0,128.0,0.73191893,144.0,131.0,0.58265615,208.0,150.0,0.8755913,161.0,159.0,0.7595176,158.0,138.0,0.59326303,143.0,137.0,0.67114383,132.0,127.0,0.6804867,114.0,132.0,0.81160504,109.0,119.0,0.49597093,91.0,122.0,0.8167506,1,cobra
cobra\guy1_cobra057.jpg,200.0,93.0,0.60143256,203.0,87.0,0.539778,194.0,87.0,0.5514938,199.0,87.0,0.6239953,180.0,87.0,0.80863357,197.0,107.0,0.7914565,154.0,104.0,0.7499591,185.0,130.0,0.7189572,134.0,131.0,0.81947684,200.0,152.0,0.72534806,147.0,158.0,0.7943897,158.0,144.0,0.6588895,139.0,142.0,0.741745,133.0,129.0,0.7632925,115.0,134.0,0.66873604,114.0,120.0,0.5687756,96.0,123.0,0.7019968,1,cobra
cobra\guy1_cobra058.jpg,196.0,93.0,0.80372703,198.0,87.0,0.82127184,190.0,87.0,0.733476,195.0,87.0,0.7094918,176.0,87.0,0.81551886,194.0,106.0,0.82461065,152.0,103.0,0.7323752,184.0,130.0,0.7359722,132.0,131.0,0.7793249,198.0,152.0,0.7104188,142.0,158.0,0.83756393,158.0,143.0,0.7080057,137.0,141.0,0.7288248,132.0,128.0,0.7134309,114.0,133.0,0.77038693,115.0,119.0,0.5498754,97.0,120.0,0.7218931,1,cobra
cobra\guy1_cobra060.jpg,187.0,93.0,0.5930334,190.0,86.0,0.64360464,181.0,86.0,0.7943193,188.0,86.0,0.72642714,168.0,86.0,0.79228747,190.0,104.0,0.847626,146.0,103.0,0.6763368,182.0,129.0,0.61182666,127.0,130.0,0.6908669,193.0,151.0,0.8817805,136.0,157.0,0.94476444,155.0,143.0,0.6862772,134.0,141.0,0.6723581,128.0,126.0,0.6368814,113.0,131.0,0.7292937,117.0,118.0,0.63016295,97.0,120.0,0.7598033,1,cobra
cobra\guy1_cobra066.jpg,164.0,91.0,0.79302037,167.0,85.0,0.8926678,158.0,85.0,0.8062206,169.0,84.0,0.7532866,147.0,84.0,0.8380716,176.0,99.0,0.8638468,127.0,100.0,0.6765621,173.0,126.0,0.6959187,118.0,127.0,0.4890668,181.0,150.0,0.8266041,120.0,153.0,0.83103824,154.0,144.0,0.7869627,129.0,144.0,0.7349856,133.0,130.0,0.29450908,117.0,127.0,0.37067357,125.0,115.0,0.2272295,109.0,115.0,0.50512,1,cobra
cobra\guy1_cobra069.jpg,156.0,88.0,0.82052124,160.0,82.0,0.6222472,151.0,83.0,0.8042269,163.0,82.0,0.7242925,141.0,82.0,0.5900917,174.0,99.0,0.82326394,124.0,98.0,0.80348206,173.0,125.0,0.7499709,117.0,123.0,0.77875304,178.0,148.0,0.8294695,117.0,149.0,0.89859086,155.0,142.0,0.7958853,130.0,141.0,0.81483126,145.0,133.0,0.23010471,126.0,135.0,0.31108296,140.0,125.0,0.34893125,128.0,125.0,0.25226948,1,cobra
cobra\guy1_cobra075.jpg,150.0,86.0,0.7947923,155.0,81.0,0.7746631,145.0,81.0,0.83310664,161.0,79.0,0.7997176,138.0,79.0,0.77184,175.0,96.0,0.73979604,125.0,96.0,0.7249656,177.0,122.0,0.7875682,122.0,121.0,0.48729086,179.0,145.0,0.8176962,118.0,145.0,0.91179967,162.0,137.0,0.8709996,136.0,137.0,0.85734296,162.0,130.0,0.39458472,135.0,131.0,0.58061296,160.0,119.0,0.3148986,138.0,121.0,0.36940217,1,cobra
cobra\guy1_cobra077.jpg,151.0,87.0,0.8024175,155.0,81.0,0.72307205,146.0,81.0,0.7595127,162.0,79.0,0.67731476,140.0,80.0,0.7496454,177.0,96.0,0.7811488,127.0,96.0,0.82403815,180.0,124.0,0.8205348,125.0,122.0,0.721333,181.0,145.0,0.7172197,121.0,145.0,0.8505063,166.0,136.0,0.8930475,140.0,136.0,0.8788039,167.0,130.0,0.5069556,140.0,129.0,0.5428274,167.0,118.0,0.28163362,142.0,118.0,0.25269482,1,cobra
cobra\guy1_cobra078.jpg,152.0,86.0,0.8048374,156.0,80.0,0.76033235,147.0,80.0,0.714188,163.0,78.0,0.8185139,141.0,79.0,0.83825344,178.0,96.0,0.72661066,129.0,95.0,0.80809057,182.0,121.0,0.8480903,128.0,121.0,0.78696626,183.0,145.0,0.7897148,122.0,145.0,0.76105845,167.0,136.0,0.83930486,142.0,136.0,0.8656354,168.0,130.0,0.54542154,142.0,131.0,0.5104961,168.0,120.0,0.28611207,146.0,121.0,0.30143556,1,cobra
cobra\guy1_cobra079.jpg,152.0,86.0,0.7972666,158.0,80.0,0.73648316,148.0,80.0,0.7728624,165.0,79.0,0.81525755,142.0,79.0,0.8197719,180.0,97.0,0.87571126,131.0,95.0,0.8216361,185.0,123.0,0.7565048,130.0,121.0,0.6894047,185.0,145.0,0.80663455,124.0,145.0,0.79595315,170.0,137.0,0.88423103,145.0,136.0,0.8560396,171.0,130.0,0.54613537,145.0,131.0,0.495368,172.0,120.0,0.27170995,148.0,119.0,0.22921148,1,cobra
cobra\guy1_cobra080.jpg,153.0,87.0,0.76476467,159.0,81.0,0.6695811,149.0,81.0,0.77583,166.0,79.0,0.7103584,144.0,79.0,0.7419282,182.0,97.0,0.72479576,132.0,96.0,0.7012224,187.0,123.0,0.818382,132.0,122.0,0.7155312,187.0,145.0,0.80823517,126.0,145.0,0.9067824,172.0,137.0,0.888659,147.0,137.0,0.744036,175.0,129.0,0.5828176,147.0,130.0,0.39520547,180.0,118.0,0.19456616,153.0,115.0,0.14997122,1,cobra
cobra\guy1_cobra087.jpg,160.0,86.0,0.74399644,165.0,80.0,0.6341035,156.0,80.0,0.7067072,175.0,80.0,0.7147265,153.0,79.0,0.71269405,195.0,97.0,0.51719344,146.0,96.0,0.82175887,206.0,124.0,0.6412354,148.0,121.0,0.6487594,201.0,149.0,0.85948014,139.0,147.0,0.8029467,189.0,140.0,0.6650224,165.0,139.0,0.7377139,204.0,122.0,0.49026138,180.0,122.0,0.26003683,208.0,113.0,0.6026468,191.0,114.0,0.13305125,1,cobra
cobra\guy1_cobra088.jpg,161.0,87.0,0.73760813,166.0,80.0,0.68345577,157.0,80.0,0.891804,177.0,79.0,0.58435726,155.0,79.0,0.54494745,197.0,97.0,0.5273286,147.0,96.0,0.86099625,208.0,125.0,0.6336151,150.0,122.0,0.60114133,203.0,151.0,0.89540374,140.0,148.0,0.8820175,193.0,141.0,0.6361576,168.0,141.0,0.6907187,208.0,123.0,0.6008365,186.0,123.0,0.42634284,214.0,114.0,0.6237045,195.0,113.0,0.17746273,1,cobra
cobra\guy1_cobra089.jpg,160.0,87.0,0.7600194,166.0,81.0,0.8072491,156.0,80.0,0.8925618,176.0,80.0,0.71398795,154.0,80.0,0.57429916,197.0,98.0,0.5637071,148.0,96.0,0.8072436,211.0,125.0,0.5091533,152.0,123.0,0.75331104,204.0,152.0,0.9141434,141.0,148.0,0.8060547,198.0,140.0,0.66024923,172.0,141.0,0.6630603,212.0,123.0,0.8120891,191.0,121.0,0.35752547,217.0,113.0,0.6834567,209.0,113.0,0.31946146,1,cobra
cobra\guy1_cobra090.jpg,161.0,87.0,0.737227,167.0,81.0,0.69787043,157.0,81.0,0.8621662,178.0,80.0,0.8432167,155.0,81.0,0.62389565,200.0,97.0,0.6878367,150.0,96.0,0.8003807,213.0,128.0,0.67759305,154.0,124.0,0.6685326,205.0,154.0,0.872864,142.0,149.0,0.83493435,199.0,141.0,0.7369213,174.0,141.0,0.64805734,213.0,126.0,0.78267896,193.0,124.0,0.4537585,223.0,115.0,0.6420514,208.0,113.0,0.17034736,1,cobra
cobra\guy1_cobra091.jpg,160.0,87.0,0.7422688,166.0,81.0,0.83035576,156.0,80.0,0.79351914,177.0,80.0,0.7651715,155.0,80.0,0.48199463,199.0,98.0,0.78838974,151.0,96.0,0.63790584,213.0,127.0,0.578023,156.0,123.0,0.69351673,206.0,153.0,0.78062266,144.0,149.0,0.63793325,202.0,141.0,0.6902638,176.0,143.0,0.65672964,215.0,125.0,0.6668259,198.0,122.0,0.32233596,225.0,115.0,0.69557834,219.0,115.0,0.40700528,1,cobra
cobra\guy1_cobra101.jpg,145.0,89.0,0.8191181,151.0,82.0,0.66175604,141.0,82.0,0.7603419,167.0,83.0,0.70169234,144.0,82.0,0.45724937,196.0,104.0,0.7807388,147.0,104.0,0.66043615,219.0,135.0,0.76422924,159.0,131.0,0.82460284,201.0,164.0,0.8032335,144.0,153.0,0.9155941,221.0,143.0,0.69446075,200.0,141.0,0.59036386,244.0,132.0,0.74381924,225.0,131.0,0.5221566,264.0,122.0,0.8254237,245.0,121.0,0.43658036,1,cobra
cobra\guy1_cobra110.jpg,108.0,96.0,0.7909194,114.0,89.0,0.7424166,107.0,89.0,0.53855544,131.0,88.0,0.66162306,113.0,89.0,0.55539477,166.0,108.0,0.7380483,122.0,111.0,0.66406024,194.0,138.0,0.54469657,140.0,137.0,0.6763048,175.0,167.0,0.78324914,127.0,156.0,0.79138833,212.0,138.0,0.6062898,194.0,137.0,0.43078274,247.0,136.0,0.54988945,231.0,131.0,0.49667007,280.0,128.0,0.8593992,263.0,123.0,0.6302541,1,cobra
cobra\guy1_cobra112.jpg,97.0,98.0,0.55702126,103.0,92.0,0.6535548,97.0,92.0,0.72676474,120.0,92.0,0.7286026,107.0,91.0,0.5308142,158.0,110.0,0.69817936,116.0,112.0,0.54117435,190.0,136.0,0.54642755,137.0,137.0,0.56908405,168.0,167.0,0.8418531,123.0,155.0,0.84604645,207.0,138.0,0.6741904,190.0,137.0,0.52662873,246.0,137.0,0.57971764,226.0,133.0,0.53960025,282.0,128.0,0.85322213,261.0,123.0,0.64155275,1,cobra
cobra\guy1_cobra115.jpg,82.0,103.0,0.7117955,89.0,96.0,0.74670726,82.0,96.0,0.8195106,106.0,96.0,0.77299356,93.0,95.0,0.606876,143.0,112.0,0.7546954,104.0,114.0,0.6816881,178.0,136.0,0.65199447,129.0,137.0,0.50003433,157.0,166.0,0.91232586,116.0,152.0,0.90314215,196.0,138.0,0.6759381,180.0,139.0,0.54473495,236.0,139.0,0.7674135,218.0,136.0,0.4613731,281.0,130.0,0.6405511,263.0,124.0,0.6007471,1,cobra
cobra\guy1_cobra123.jpg,49.0,112.0,0.5120495,53.0,107.0,0.59928656,49.0,106.0,0.49264202,71.0,106.0,0.7509799,62.0,107.0,0.22740793,104.0,115.0,0.54915905,84.0,117.0,0.5402721,151.0,134.0,0.5903435,104.0,137.0,0.39166376,128.0,162.0,0.89117885,93.0,149.0,0.72138923,167.0,139.0,0.7239332,159.0,136.0,0.62011886,228.0,139.0,0.69564396,214.0,130.0,0.64682424,277.0,129.0,0.74654084,263.0,123.0,0.6270541,1,cobra
cobra\guy1_cobra124.jpg,45.0,114.0,0.6873026,48.0,109.0,0.71109533,46.0,108.0,0.6585968,65.0,107.0,0.70049363,60.0,108.0,0.47067508,98.0,115.0,0.68862695,83.0,117.0,0.6793925,149.0,131.0,0.542494,104.0,134.0,0.39971435,124.0,162.0,0.8289093,90.0,149.0,0.70196116,164.0,138.0,0.74373806,158.0,133.0,0.6523933,226.0,139.0,0.70897377,214.0,130.0,0.5985329,276.0,130.0,0.8054139,264.0,124.0,0.65694207,1,cobra
cobra\guy1_cobra126.jpg,42.0,116.0,0.5606541,44.0,110.0,0.7401107,43.0,110.0,0.7815867,60.0,108.0,0.5373135,56.0,108.0,0.5722205,94.0,116.0,0.6037136,80.0,115.0,0.7195295,144.0,131.0,0.7293472,104.0,126.0,0.2243397,119.0,160.0,0.795107,89.0,148.0,0.5978499,162.0,138.0,0.756881,157.0,133.0,0.65331936,224.0,137.0,0.48512802,213.0,128.0,0.73396003,274.0,131.0,0.74428695,261.0,125.0,0.59652746,1,cobra
cobra\guy1_cobra127.jpg,39.0,117.0,0.67743415,41.0,112.0,0.51584244,40.0,111.0,0.4972163,56.0,108.0,0.719734,53.0,109.0,0.63392574,92.0,115.0,0.85007536,79.0,116.0,0.65121955,140.0,129.0,0.68971235,104.0,124.0,0.20610055,115.0,159.0,0.71980727,89.0,147.0,0.5879558,162.0,137.0,0.7152102,156.0,133.0,0.6420703,222.0,137.0,0.59465134,212.0,128.0,0.6928428,272.0,131.0,0.77444196,262.0,125.0,0.60938114,1,cobra
cobra\guy1_cobra130.jpg,35.0,121.0,0.74611175,37.0,115.0,0.64851844,36.0,114.0,0.66164804,52.0,112.0,0.83620024,51.0,112.0,0.64457494,84.0,116.0,0.7808392,79.0,118.0,0.7703507,134.0,126.0,0.50488806,114.0,119.0,0.31837323,110.0,155.0,0.7284305,99.0,147.0,0.33513296,154.0,135.0,0.7975855,152.0,130.0,0.73293495,220.0,136.0,0.74584687,209.0,126.0,0.56495017,269.0,129.0,0.63406736,260.0,124.0,0.71238685,1,cobra
cobra\guy1_cobra139.jpg,32.0,128.0,0.5057718,31.0,122.0,0.73453784,31.0,121.0,0.7591891,43.0,116.0,0.795755,43.0,116.0,0.677747,70.0,119.0,0.7425126,73.0,115.0,0.7161392,119.0,117.0,0.5212459,118.0,111.0,0.7341447,97.0,148.0,0.7350894,98.0,140.0,0.3597867,141.0,129.0,0.7269255,141.0,124.0,0.7343483,209.0,132.0,0.7198304,203.0,124.0,0.70773566,265.0,128.0,0.67372006,258.0,122.0,0.6266583,1,cobra
cobra\guy2_cobra027.jpg,248.0,153.0,0.5306857,248.0,147.0,0.42838022,247.0,148.0,0.67278075,235.0,142.0,0.2211999,229.0,144.0,0.4850767,206.0,136.0,0.52190626,193.0,151.0,0.36027157,188.0,133.0,0.16618845,144.0,166.0,0.536556,201.0,170.0,0.2502941,171.0,199.0,0.6537803,123.0,144.0,0.5903311,113.0,155.0,0.46598697,72.0,149.0,0.33583713,60.0,161.0,0.4240921,16.0,143.0,0.51649135,7.0,147.0,0.33817047,1,cobra
cobra\guy2_cobra030.jpg,247.0,156.0,0.4557215,247.0,150.0,0.22706252,245.0,151.0,0.60029644,233.0,145.0,0.20686942,228.0,148.0,0.7581302,199.0,138.0,0.7089602,189.0,158.0,0.47107056,185.0,139.0,0.14433843,143.0,176.0,0.6468679,195.0,173.0,0.17583999,171.0,206.0,0.36594266,122.0,151.0,0.7048765,111.0,164.0,0.5853859,73.0,152.0,0.596344,58.0,167.0,0.38102973,15.0,143.0,0.4724874,8.0,149.0,0.5370447,1,cobra
cobra\guy2_cobra036.jpg,245.0,159.0,0.3198545,245.0,155.0,0.30535138,243.0,156.0,0.46500993,229.0,151.0,0.16771081,226.0,155.0,0.6463035,202.0,144.0,0.5421264,189.0,169.0,0.33894783,185.0,141.0,0.13157213,146.0,192.0,0.7552428,190.0,172.0,0.26270995,176.0,219.0,0.7494085,127.0,160.0,0.7225832,120.0,174.0,0.74345213,72.0,156.0,0.7803996,58.0,171.0,0.47133654,14.0,148.0,0.6077972,12.0,149.0,0.6313913,1,cobra
cobra\guy2_cobra038.jpg,241.0,162.0,0.5927854,241.0,157.0,0.47750545,239.0,158.0,0.4351327,226.0,154.0,0.27612323,223.0,158.0,0.53411925,202.0,146.0,0.5393412,187.0,176.0,0.5582636,159.0,154.0,0.34106487,146.0,195.0,0.74422586,180.0,174.0,0.2923437,176.0,220.0,0.7746017,133.0,161.0,0.77604496,125.0,178.0,0.8177322,75.0,158.0,0.70941687,60.0,176.0,0.5798108,16.0,149.0,0.6264477,10.0,153.0,0.57739294,1,cobra
cobra\guy2_cobra040.jpg,236.0,167.0,0.41972607,237.0,162.0,0.30714667,235.0,164.0,0.44451848,225.0,155.0,0.123420775,222.0,160.0,0.4694185,197.0,144.0,0.5299035,186.0,175.0,0.5234287,184.0,144.0,0.14180425,151.0,200.0,0.29878548,206.0,172.0,0.1086458,180.0,223.0,0.5105618,134.0,167.0,0.5659237,126.0,180.0,0.33022323,76.0,160.0,0.6352116,66.0,172.0,0.26537186,17.0,150.0,0.37877944,16.0,149.0,0.55166334,1,cobra
cobra\guy2_cobra048.jpg,224.0,170.0,0.34693795,228.0,166.0,0.3482596,225.0,168.0,0.6170663,223.0,157.0,0.19244018,218.0,162.0,0.45677635,199.0,145.0,0.5951712,191.0,179.0,0.61330557,183.0,144.0,0.1945048,159.0,201.0,0.3866219,178.0,145.0,0.2510873,185.0,219.0,0.6852528,152.0,163.0,0.57187647,144.0,179.0,0.4237476,88.0,156.0,0.22008991,75.0,175.0,0.4835894,82.0,156.0,0.32612136,71.0,176.0,0.2726735,1,cobra
cobra\guy2_cobra050.jpg,227.0,168.0,0.36487624,230.0,164.0,0.33846793,227.0,167.0,0.4972337,222.0,154.0,0.16819015,221.0,163.0,0.45538208,200.0,144.0,0.6399215,194.0,178.0,0.38273528,181.0,145.0,0.19437593,160.0,199.0,0.47555918,179.0,144.0,0.23973793,187.0,216.0,0.7049502,155.0,161.0,0.43138757,148.0,174.0,0.28958344,90.0,154.0,0.24282554,78.0,170.0,0.2277028,84.0,153.0,0.26385596,74.0,172.0,0.23811683,1,cobra
cobra\guy2_cobra055.jpg,230.0,163.0,0.26478094,232.0,159.0,0.24806508,231.0,162.0,0.39310122,223.0,146.0,0.26433522,224.0,161.0,0.22164571,204.0,139.0,0.6890231,196.0,178.0,0.51440084,185.0,139.0,0.21271619,164.0,195.0,0.35323012,179.0,141.0,0.27996552,190.0,210.0,0.8218662,157.0,156.0,0.5079378,151.0,170.0,0.27137423,96.0,147.0,0.29293084,86.0,164.0,0.34413165,90.0,147.0,0.33729565,82.0,165.0,0.16191116,1,cobra
cobra\guy2_cobra075.jpg,229.0,184.0,0.33426812,233.0,181.0,0.30812162,230.0,181.0,0.42278752,230.0,173.0,0.18888316,223.0,175.0,0.26446205,211.0,151.0,0.56536233,193.0,187.0,0.33531287,194.0,145.0,0.2894875,153.0,201.0,0.6328742,194.0,165.0,0.11278048,180.0,227.0,0.73824865,154.0,158.0,0.6280359,139.0,171.0,0.60535276,92.0,136.0,0.8362223,73.0,152.0,0.44182134,37.0,114.0,0.6496219,31.0,116.0,0.34852767,1,cobra
cobra\guy2_cobra090.jpg,263.0,140.0,0.41213045,264.0,133.0,0.4053117,259.0,135.0,0.42075124,245.0,126.0,0.13109499,229.0,130.0,0.43948168,226.0,124.0,0.607448,184.0,143.0,0.52825356,225.0,139.0,0.13945946,142.0,164.0,0.6403907,229.0,169.0,0.49641675,171.0,211.0,0.60962003,142.0,117.0,0.57450306,124.0,128.0,0.4738707,91.0,86.0,0.74091125,66.0,103.0,0.4843247,45.0,64.0,0.59848064,23.0,77.0,0.6287989,1,cobra
cobra\guy2_cobra091.jpg,265.0,136.0,0.4824454,265.0,129.0,0.45748943,260.0,131.0,0.49307868,246.0,123.0,0.1850442,230.0,129.0,0.5428672,228.0,124.0,0.484773,185.0,141.0,0.5079745,226.0,141.0,0.15008157,141.0,163.0,0.55248326,230.0,169.0,0.5104298,171.0,210.0,0.44411463,143.0,117.0,0.5707792,124.0,127.0,0.490202,91.0,86.0,0.7355659,65.0,103.0,0.523208,46.0,63.0,0.5987263,24.0,75.0,0.60705465,1,cobra
cobra\guy2_cobra092.jpg,266.0,132.0,0.5281341,265.0,125.0,0.42797312,260.0,127.0,0.52264255,245.0,120.0,0.18745485,230.0,127.0,0.3645562,228.0,123.0,0.52071565,183.0,138.0,0.48263696,223.0,143.0,0.2055814,139.0,162.0,0.66011226,230.0,168.0,0.4958595,170.0,210.0,0.4224665,144.0,117.0,0.55382645,122.0,127.0,0.59032774,92.0,86.0,0.7939148,65.0,102.0,0.5255402,46.0,62.0,0.54674464,27.0,74.0,0.6156552,1,cobra
cobra\guy2_cobra094.jpg,263.0,131.0,0.6058692,264.0,122.0,0.55310273,256.0,125.0,0.6691759,247.0,117.0,0.1659016,228.0,123.0,0.4087078,230.0,119.0,0.52120686,181.0,134.0,0.3066373,224.0,142.0,0.30531228,136.0,158.0,0.50143373,231.0,170.0,0.482252,166.0,209.0,0.5968917,145.0,114.0,0.44514233,122.0,125.0,0.49169135,92.0,85.0,0.71595305,67.0,98.0,0.3912203,50.0,61.0,0.4925432,28.0,72.0,0.5917687,1,cobra
cobra\guy2_cobra096.jpg,262.0,127.0,0.52960175,263.0,119.0,0.63145554,256.0,122.0,0.5614368,246.0,113.0,0.14103895,225.0,119.0,0.38872448,229.0,114.0,0.55446476,175.0,130.0,0.37794924,221.0,141.0,0.462098,131.0,156.0,0.59304535,230.0,170.0,0.57916003,161.0,210.0,0.5706626,146.0,114.0,0.42246202,121.0,124.0,0.3287056,94.0,86.0,0.527456,69.0,99.0,0.32140595,52.0,61.0,0.44671267,31.0,73.0,0.66899514,1,cobra
cobra\guy2_cobra098.jpg,257.0,127.0,0.6025971,259.0,118.0,0.53370744,251.0,120.0,0.7318974,244.0,110.0,0.12831458,220.0,115.0,0.45785463,227.0,115.0,0.6354242,170.0,128.0,0.44831592,218.0,144.0,0.46928918,127.0,156.0,0.6729852,230.0,173.0,0.49588746,157.0,211.0,0.7627398,144.0,116.0,0.53598684,117.0,125.0,0.24421296,92.0,85.0,0.70198834,65.0,98.0,0.3339166,53.0,61.0,0.5112211,29.0,73.0,0.6338415,1,cobra
cobra\guy2_cobra110.jpg,223.0,128.0,0.7233094,229.0,117.0,0.3907432,213.0,117.0,0.58704656,226.0,109.0,0.10141447,180.0,111.0,0.55617064,211.0,127.0,0.38594735,133.0,126.0,0.41566688,198.0,152.0,0.3813948,92.0,154.0,0.6769573,211.0,188.0,0.69810677,116.0,217.0,0.78876626,128.0,128.0,0.47492114,99.0,137.0,0.34180915,89.0,100.0,0.30108437,64.0,114.0,0.40719056,59.0,79.0,0.4246161,34.0,84.0,0.7226224,1,cobra
cobra\guy2_cobra114.jpg,212.0,135.0,0.60964483,219.0,123.0,0.4502496,201.0,125.0,0.5066942,217.0,114.0,0.11037928,168.0,116.0,0.50749284,204.0,129.0,0.43882835,124.0,129.0,0.31223,192.0,151.0,0.20025241,80.0,150.0,0.530824,203.0,189.0,0.7273589,101.0,214.0,0.71323913,124.0,138.0,0.5074641,94.0,139.0,0.29195485,93.0,107.0,0.3309249,63.0,117.0,0.44915023,67.0,86.0,0.24809381,35.0,90.0,0.75526047,1,cobra
cobra\guy2_cobra115.jpg,209.0,136.0,0.6485361,216.0,124.0,0.6268294,197.0,126.0,0.58384913,217.0,114.0,0.1161786,165.0,117.0,0.5507717,202.0,131.0,0.40009874,121.0,130.0,0.3792655,193.0,151.0,0.17460877,79.0,149.0,0.6743587,201.0,188.0,0.5998368,99.0,213.0,0.62862086,124.0,142.0,0.4594786,90.0,143.0,0.27994287,97.0,110.0,0.3384515,64.0,120.0,0.52046245,65.0,86.0,0.35652542,35.0,90.0,0.49287447,1,cobra
cobra\guy2_cobra119.jpg,199.0,142.0,0.6873918,206.0,131.0,0.5395756,187.0,132.0,0.6116757,208.0,121.0,0.14986166,157.0,123.0,0.3987963,196.0,137.0,0.36691207,117.0,134.0,0.33621025,185.0,147.0,0.25554344,73.0,145.0,0.6173958,197.0,188.0,0.53562146,90.0,207.0,0.7285557,123.0,138.0,0.39081123,95.0,139.0,0.26161018,98.0,113.0,0.3128609,63.0,118.0,0.45997843,69.0,88.0,0.25663656,42.0,92.0,0.364414,1,cobra
cobra\guy2_cobra122.jpg,194.0,146.0,0.6855453,203.0,134.0,0.69345796,183.0,135.0,0.53390354,205.0,122.0,0.1733112,152.0,124.0,0.527313,195.0,138.0,0.37799883,114.0,131.0,0.37407017,186.0,150.0,0.25007582,71.0,138.0,0.3976059,194.0,185.0,0.6949313,85.0,202.0,0.5823761,129.0,149.0,0.35869515,100.0,148.0,0.27253664,101.0,113.0,0.34450704,68.0,120.0,0.45682007,80.0,90.0,0.16968969,47.0,91.0,0.3552944,1,cobra
cobra\guy2_cobra123.jpg,193.0,147.0,0.6093636,201.0,135.0,0.4867259,182.0,136.0,0.51036894,202.0,122.0,0.20401043,151.0,125.0,0.49224833,194.0,134.0,0.40014118,118.0,134.0,0.2689857,186.0,148.0,0.22027254,71.0,137.0,0.27377582,194.0,184.0,0.7081624,82.0,200.0,0.52071095,128.0,143.0,0.2928363,100.0,144.0,0.21111888,102.0,112.0,0.4166842,70.0,119.0,0.45081633,82.0,89.0,0.25533357,52.0,89.0,0.33892235,1,cobra
cobra\guy2_cobra124.jpg,190.0,148.0,0.601376,199.0,137.0,0.4990921,181.0,137.0,0.6559746,200.0,124.0,0.17694718,150.0,125.0,0.43741846,190.0,134.0,0.30834174,114.0,132.0,0.3926304,186.0,149.0,0.20091778,73.0,137.0,0.3696046,195.0,184.0,0.6722188,83.0,199.0,0.7007958,127.0,137.0,0.2575702,97.0,135.0,0.16142094,102.0,108.0,0.41504884,72.0,119.0,0.4696337,83.0,91.0,0.26964724,54.0,91.0,0.37459648,1,cobra
cobra\guy2_cobra125.jpg,188.0,149.0,0.4864081,197.0,139.0,0.63139284,179.0,138.0,0.62019074,198.0,127.0,0.13521081,149.0,126.0,0.3361472,190.0,134.0,0.32018495,118.0,130.0,0.30060554,186.0,148.0,0.16461775,73.0,136.0,0.37027922,194.0,183.0,0.7670521,83.0,197.0,0.6299211,128.0,143.0,0.3021762,100.0,139.0,0.16730511,104.0,109.0,0.34902263,75.0,118.0,0.4252661,90.0,94.0,0.20278034,59.0,93.0,0.3324867,1,cobra
cobra\guy2_cobra131.jpg,183.0,160.0,0.57401145,192.0,149.0,0.57312113,173.0,150.0,0.4391705,197.0,135.0,0.27019167,146.0,136.0,0.29049242,191.0,138.0,0.29910022,115.0,138.0,0.28216597,194.0,143.0,0.16942212,80.0,128.0,0.64981604,198.0,180.0,0.71048516,85.0,188.0,0.51370186,125.0,114.0,0.29622173,105.0,126.0,0.1135456,117.0,111.0,0.3406464,90.0,115.0,0.26945904,105.0,99.0,0.17459202,82.0,100.0,0.38330668,1,cobra
cobra\guy2_cobra133.jpg,181.0,166.0,0.5414033,190.0,154.0,0.52015054,171.0,154.0,0.35186505,197.0,139.0,0.30880958,146.0,141.0,0.3317305,194.0,139.0,0.3152746,117.0,136.0,0.25295636,196.0,142.0,0.121694505,83.0,125.0,0.6568819,201.0,180.0,0.5809831,88.0,186.0,0.6469675,131.0,115.0,0.50900567,108.0,124.0,0.20161611,122.0,110.0,0.35722825,93.0,115.0,0.3793082,107.0,100.0,0.20219836,86.0,99.0,0.4713857,1,cobra
cobra\guy2_cobra137.jpg,181.0,170.0,0.5348924,192.0,157.0,0.48541686,170.0,159.0,0.638943,198.0,141.0,0.41076744,146.0,144.0,0.38923073,194.0,137.0,0.31135052,117.0,140.0,0.26818305,200.0,132.0,0.2556818,93.0,124.0,0.64347315,206.0,177.0,0.6925393,93.0,180.0,0.5896698,142.0,121.0,0.39701527,114.0,132.0,0.22313887,135.0,115.0,0.13959497,99.0,121.0,0.2995029,124.0,107.0,0.26700163,99.0,105.0,0.39623663,1,cobra
dog\girl1_dog029.jpg,143.0,129.0,0.34235388,150.0,129.0,0.40793318,137.0,129.0,0.51427394,158.0,110.0,0.5267089,125.0,110.0,0.5371038,172.0,96.0,0.81364155,104.0,99.0,0.7420849,180.0,132.0,0.44625655,94.0,136.0,0.31690907,177.0,138.0,0.12056363,117.0,133.0,0.10942647,150.0,47.0,0.65407336,112.0,48.0,0.7148471,163.0,92.0,0.18787032,104.0,100.0,0.4822598,154.0,113.0,0.14375967,114.0,120.0,0.21115515,2,dog
dog\girl1_dog031.jpg,145.0,144.0,0.45201194,151.0,144.0,0.50236464,139.0,143.0,0.5393714,160.0,126.0,0.45633954,127.0,125.0,0.54746133,174.0,110.0,0.87787545,109.0,110.0,0.73148453,183.0,160.0,0.78249764,97.0,160.0,0.8283302,180.0,163.0,0.23104471,98.0,166.0,0.14195693,155.0,51.0,0.7877219,116.0,52.0,0.8516846,158.0,102.0,0.27275845,111.0,111.0,0.43047842,149.0,140.0,0.11233291,123.0,148.0,0.15112743,2,dog
dog\girl1_dog035.jpg,146.0,157.0,0.3485828,152.0,159.0,0.48397005,140.0,159.0,0.54036343,161.0,143.0,0.39490175,129.0,142.0,0.5400049,176.0,121.0,0.8157011,116.0,122.0,0.5590642,188.0,172.0,0.61400175,102.0,173.0,0.66443664,184.0,178.0,0.18666357,104.0,181.0,0.20310086,166.0,59.0,0.8573736,126.0,58.0,0.78709733,168.0,119.0,0.431455,126.0,123.0,0.28966016,157.0,164.0,0.13575754,132.0,166.0,0.15045175,2,dog
dog\girl1_dog036.jpg,147.0,161.0,0.34013027,153.0,162.0,0.49736544,142.0,162.0,0.4759623,162.0,146.0,0.46885332,131.0,145.0,0.5326736,177.0,124.0,0.7925927,118.0,127.0,0.5954657,190.0,175.0,0.6570444,103.0,176.0,0.6363151,187.0,179.0,0.22476396,105.0,184.0,0.22458231,168.0,61.0,0.8729775,128.0,60.0,0.8142227,170.0,122.0,0.4324453,127.0,126.0,0.27304596,159.0,166.0,0.13246715,140.0,171.0,0.15645742,2,dog
dog\girl1_dog040.jpg,153.0,170.0,0.35899162,159.0,171.0,0.475059,148.0,172.0,0.52076274,169.0,154.0,0.46809977,137.0,153.0,0.4508677,181.0,130.0,0.6829431,126.0,130.0,0.62601554,197.0,178.0,0.7051301,108.0,178.0,0.5317107,172.0,184.0,0.2334483,110.0,187.0,0.16840008,177.0,64.0,0.86429805,137.0,64.0,0.81983054,178.0,132.0,0.6382303,144.0,131.0,0.50430113,170.0,184.0,0.24975172,147.0,184.0,0.33807027,2,dog
dog\girl1_dog042.jpg,156.0,173.0,0.42416245,162.0,173.0,0.5577557,151.0,174.0,0.52909344,171.0,155.0,0.523626,140.0,157.0,0.39283425,182.0,128.0,0.662096,130.0,131.0,0.6119375,200.0,178.0,0.65434086,110.0,178.0,0.6786281,195.0,181.0,0.32921466,111.0,183.0,0.18225607,182.0,63.0,0.8883035,141.0,64.0,0.82981193,179.0,127.0,0.7605536,144.0,130.0,0.4026631,187.0,177.0,0.17091587,152.0,181.0,0.29647383,2,dog
dog\girl1_dog044.jpg,157.0,173.0,0.44932532,162.0,174.0,0.56377375,151.0,175.0,0.55069244,172.0,156.0,0.504722,142.0,157.0,0.450094,185.0,129.0,0.82960624,131.0,131.0,0.754329,202.0,178.0,0.7042748,111.0,179.0,0.6792319,197.0,180.0,0.29619464,111.0,183.0,0.12939724,186.0,63.0,0.8727227,143.0,64.0,0.71037513,183.0,127.0,0.71413803,146.0,127.0,0.42613536,181.0,174.0,0.24881116,153.0,173.0,0.27126622,2,dog
dog\girl1_dog045.jpg,158.0,172.0,0.44673243,163.0,173.0,0.62717974,152.0,174.0,0.5057883,173.0,154.0,0.53652453,143.0,156.0,0.45060143,188.0,129.0,0.8165196,133.0,130.0,0.7672752,204.0,178.0,0.7024239,112.0,179.0,0.63727903,198.0,180.0,0.34852397,112.0,182.0,0.13105458,187.0,61.0,0.85981566,146.0,63.0,0.80408865,186.0,128.0,0.74730706,149.0,126.0,0.4300369,197.0,177.0,0.34529924,156.0,172.0,0.29010352,2,dog
dog\girl1_dog050.jpg,164.0,167.0,0.44575477,171.0,169.0,0.47683588,158.0,170.0,0.5206892,180.0,151.0,0.58918035,149.0,152.0,0.4955169,194.0,127.0,0.7769222,140.0,129.0,0.6734887,209.0,179.0,0.5208848,118.0,178.0,0.71160257,201.0,179.0,0.29423058,118.0,189.0,0.16244668,197.0,58.0,0.7807996,156.0,61.0,0.7676473,195.0,127.0,0.8060916,157.0,127.0,0.42359024,202.0,176.0,0.37086192,165.0,169.0,0.20955464,2,dog
dog\girl1_dog052.jpg,166.0,165.0,0.33316362,171.0,167.0,0.5173875,161.0,167.0,0.45393863,181.0,152.0,0.57016736,150.0,152.0,0.4067003,195.0,128.0,0.8323893,141.0,129.0,0.5922414,208.0,176.0,0.55950266,120.0,177.0,0.7175938,204.0,182.0,0.31309557,119.0,189.0,0.15468544,199.0,59.0,0.83708936,158.0,59.0,0.7106416,197.0,125.0,0.5208685,162.0,123.0,0.5530342,205.0,174.0,0.25555784,172.0,172.0,0.18834019,2,dog
dog\girl1_dog053.jpg,166.0,163.0,0.3741045,172.0,167.0,0.54663014,161.0,167.0,0.45613667,182.0,151.0,0.58017963,151.0,152.0,0.414184,196.0,128.0,0.7894896,142.0,128.0,0.6715306,211.0,177.0,0.7833833,121.0,176.0,0.7418685,206.0,182.0,0.27448297,121.0,188.0,0.17893362,201.0,56.0,0.8786968,161.0,57.0,0.71582806,199.0,126.0,0.72331977,164.0,121.0,0.5173261,208.0,176.0,0.36915982,171.0,170.0,0.19080314,2,dog
dog\girl1_dog054.jpg,169.0,165.0,0.35509664,173.0,167.0,0.5462084,163.0,167.0,0.48989838,183.0,151.0,0.5432352,153.0,152.0,0.47669134,198.0,128.0,0.8208066,144.0,128.0,0.6120898,212.0,177.0,0.751168,122.0,176.0,0.5674696,206.0,183.0,0.2689711,120.0,186.0,0.30374318,202.0,56.0,0.7736547,163.0,57.0,0.6858732,200.0,126.0,0.6446812,166.0,120.0,0.46444514,209.0,173.0,0.3294285,177.0,169.0,0.17048866,2,dog
dog\girl1_dog055.jpg,170.0,162.0,0.35587427,175.0,165.0,0.44584006,164.0,165.0,0.43539587,184.0,149.0,0.48570207,155.0,151.0,0.4579583,199.0,127.0,0.8401644,145.0,126.0,0.52176046,213.0,177.0,0.780265,124.0,173.0,0.5560256,208.0,183.0,0.29542527,121.0,186.0,0.31569123,204.0,56.0,0.8367389,166.0,56.0,0.7750219,203.0,123.0,0.52218187,168.0,116.0,0.5109848,210.0,173.0,0.3090607,180.0,162.0,0.17419147,2,dog
dog\girl1_dog056.jpg,171.0,160.0,0.3531661,176.0,163.0,0.42744112,165.0,164.0,0.38124776,185.0,150.0,0.49211085,156.0,150.0,0.4196648,199.0,126.0,0.8522543,146.0,126.0,0.5900856,214.0,176.0,0.6752254,125.0,173.0,0.6967952,209.0,182.0,0.27221602,122.0,184.0,0.32207397,205.0,55.0,0.8751526,166.0,57.0,0.72379315,204.0,124.0,0.47969663,172.0,120.0,0.3366481,208.0,161.0,0.15562451,182.0,162.0,0.17101008,2,dog
dog\girl1_dog057.jpg,171.0,162.0,0.37504447,176.0,165.0,0.5108874,165.0,165.0,0.49533007,185.0,150.0,0.48734912,156.0,151.0,0.4162661,202.0,127.0,0.76840913,146.0,125.0,0.64577186,215.0,175.0,0.56578714,125.0,172.0,0.58861536,188.0,185.0,0.2797498,121.0,188.0,0.3517908,209.0,53.0,0.7646996,167.0,55.0,0.85257185,206.0,125.0,0.5573221,171.0,120.0,0.41001117,213.0,171.0,0.30298886,181.0,158.0,0.19165665,2,dog
dog\girl1_dog058.jpg,170.0,162.0,0.35037,176.0,166.0,0.5255755,165.0,165.0,0.49080256,187.0,150.0,0.5384502,157.0,151.0,0.40336126,204.0,128.0,0.76257694,147.0,125.0,0.58784896,216.0,175.0,0.55437225,125.0,173.0,0.77901006,190.0,185.0,0.29816663,123.0,190.0,0.19458532,210.0,53.0,0.92460483,168.0,54.0,0.55772275,209.0,122.0,0.41754675,173.0,120.0,0.4560143,211.0,167.0,0.15319163,181.0,159.0,0.17280611,2,dog
dog\girl1_dog059.jpg,172.0,161.0,0.40004286,177.0,165.0,0.36905462,165.0,166.0,0.49900895,188.0,150.0,0.46228218,157.0,150.0,0.47533983,204.0,126.0,0.78979576,147.0,125.0,0.64197946,216.0,174.0,0.63646996,126.0,173.0,0.6634678,192.0,183.0,0.3187797,123.0,186.0,0.35927975,212.0,53.0,0.8439545,170.0,54.0,0.7098599,210.0,127.0,0.5814382,175.0,119.0,0.4343468,214.0,173.0,0.33981135,185.0,161.0,0.19433057,2,dog
dog\girl1_dog061.jpg,175.0,163.0,0.4270575,181.0,165.0,0.4000919,168.0,166.0,0.5595473,191.0,146.0,0.55620384,159.0,149.0,0.43786353,206.0,125.0,0.7944431,149.0,123.0,0.651873,218.0,173.0,0.59856516,127.0,173.0,0.673432,213.0,181.0,0.25906348,125.0,186.0,0.18481767,216.0,50.0,0.87413114,174.0,51.0,0.7424853,213.0,126.0,0.67726624,179.0,118.0,0.39811477,217.0,173.0,0.41213015,186.0,168.0,0.19046822,2,dog
dog\girl1_dog066.jpg,174.0,162.0,0.37069976,180.0,163.0,0.43743736,168.0,165.0,0.4167804,190.0,147.0,0.5823244,158.0,148.0,0.56135154,208.0,124.0,0.6125246,150.0,122.0,0.7145985,221.0,174.0,0.5416958,130.0,170.0,0.7296255,223.0,180.0,0.31773984,127.0,186.0,0.15178308,224.0,48.0,0.9332119,181.0,48.0,0.7511093,223.0,128.0,0.84703094,183.0,115.0,0.49048576,224.0,174.0,0.4515634,199.0,173.0,0.3637089,2,dog
dog\girl1_dog069.jpg,177.0,158.0,0.44395432,181.0,161.0,0.5052431,170.0,162.0,0.5674692,192.0,144.0,0.5778798,161.0,146.0,0.59820867,209.0,120.0,0.5986533,152.0,120.0,0.6752421,225.0,175.0,0.573097,131.0,169.0,0.86108196,232.0,181.0,0.48209414,129.0,185.0,0.13820946,228.0,45.0,0.72636884,187.0,45.0,0.79380864,229.0,127.0,0.7952647,197.0,122.0,0.40348867,231.0,177.0,0.29784477,214.0,172.0,0.45646587,2,dog
dog\girl1_dog071.jpg,178.0,158.0,0.3122506,183.0,160.0,0.39326233,171.0,160.0,0.55965257,193.0,143.0,0.58195853,162.0,143.0,0.4653456,209.0,118.0,0.6355871,154.0,119.0,0.6478938,225.0,174.0,0.58405787,132.0,168.0,0.85845184,237.0,180.0,0.48994762,128.0,182.0,0.17551684,232.0,44.0,0.9188596,190.0,44.0,0.83617306,232.0,129.0,0.8293686,197.0,119.0,0.3316896,236.0,177.0,0.3509706,214.0,171.0,0.37834853,2,dog
dog\girl1_dog074.jpg,177.0,155.0,0.36182073,182.0,159.0,0.3766324,169.0,158.0,0.5573458,193.0,142.0,0.5727947,161.0,143.0,0.5182698,210.0,119.0,0.5587086,154.0,118.0,0.71748954,223.0,171.0,0.7218167,133.0,167.0,0.81353575,244.0,178.0,0.3578676,130.0,181.0,0.15663424,235.0,42.0,0.5599424,194.0,42.0,0.6365132,235.0,127.0,0.8735956,202.0,115.0,0.46403277,244.0,177.0,0.4332369,216.0,169.0,0.38827372,2,dog
dog\girl1_dog082.jpg,177.0,153.0,0.38011047,181.0,160.0,0.42593372,168.0,156.0,0.60643953,194.0,142.0,0.60166985,160.0,141.0,0.5641246,214.0,116.0,0.64972514,156.0,114.0,0.78210944,220.0,170.0,0.5611803,136.0,164.0,0.922812,184.0,213.0,0.92580307,120.0,209.0,0.7414151,242.0,39.0,0.8923092,202.0,40.0,0.6828043,245.0,124.0,0.8618349,208.0,112.0,0.4710878,257.0,174.0,0.73394734,220.0,167.0,0.52683234,2,dog
dog\girl1_dog084.jpg,178.0,153.0,0.3758279,181.0,159.0,0.4415967,170.0,156.0,0.46150857,192.0,143.0,0.58197576,160.0,141.0,0.5848959,213.0,115.0,0.5710604,157.0,113.0,0.71498555,219.0,170.0,0.53500605,136.0,163.0,0.7523735,184.0,213.0,0.91860306,120.0,209.0,0.76369774,244.0,38.0,0.87685084,203.0,38.0,0.7758515,248.0,123.0,0.8875982,213.0,120.0,0.5130945,262.0,174.0,0.75735056,224.0,164.0,0.38964087,2,dog
dog\girl1_dog085.jpg,179.0,152.0,0.37349662,182.0,159.0,0.46112698,170.0,156.0,0.4857418,192.0,143.0,0.6111769,160.0,141.0,0.5728272,213.0,113.0,0.71962345,157.0,113.0,0.5636945,218.0,170.0,0.60226,136.0,163.0,0.7718638,183.0,213.0,0.8923591,119.0,208.0,0.7263446,244.0,38.0,0.8653904,205.0,38.0,0.58488923,249.0,122.0,0.89506847,214.0,123.0,0.37345567,263.0,173.0,0.71539915,231.0,170.0,0.5364735,2,dog
dog\girl1_dog086.jpg,180.0,156.0,0.26413226,182.0,160.0,0.5229185,171.0,157.0,0.46046826,191.0,144.0,0.5738687,160.0,142.0,0.6124632,213.0,114.0,0.5406353,157.0,113.0,0.5879047,217.0,171.0,0.65103126,137.0,162.0,0.80243015,182.0,213.0,0.87602395,119.0,208.0,0.76869714,247.0,36.0,0.88283396,205.0,36.0,0.62659204,250.0,122.0,0.9020959,214.0,123.0,0.463956,265.0,172.0,0.78381133,240.0,167.0,0.61439466,2,dog
dog\girl1_dog087.jpg,179.0,153.0,0.37351185,182.0,160.0,0.47241077,170.0,156.0,0.46616572,192.0,143.0,0.5809803,160.0,141.0,0.55800116,214.0,113.0,0.72243226,157.0,113.0,0.5997868,217.0,171.0,0.6489303,137.0,162.0,0.7889105,181.0,213.0,0.8651081,119.0,208.0,0.7372936,247.0,36.0,0.8441648,206.0,36.0,0.67987347,251.0,120.0,0.909895,214.0,123.0,0.43476927,267.0,170.0,0.8196889,238.0,166.0,0.61712545,2,dog
dog\girl1_dog088.jpg,181.0,155.0,0.2737882,183.0,159.0,0.5367118,171.0,156.0,0.49883875,193.0,144.0,0.55378956,160.0,141.0,0.5772886,213.0,112.0,0.69028693,157.0,112.0,0.58648014,215.0,170.0,0.72378236,137.0,162.0,0.80789495,180.0,213.0,0.8409245,120.0,208.0,0.89236355,248.0,36.0,0.8611641,207.0,36.0,0.7806449,254.0,121.0,0.91306067,218.0,123.0,0.4924031,268.0,170.0,0.7436558,243.0,167.0,0.6765766,2,dog
dog\girl1_dog090.jpg,180.0,153.0,0.31952548,182.0,159.0,0.44716907,168.0,156.0,0.54818815,193.0,143.0,0.5426747,159.0,141.0,0.5296806,214.0,111.0,0.61293817,158.0,111.0,0.668754,216.0,170.0,0.6479098,137.0,162.0,0.7974074,180.0,214.0,0.83153594,120.0,207.0,0.7292352,249.0,35.0,0.8584076,210.0,34.0,0.6986971,256.0,119.0,0.89310616,218.0,124.0,0.47666702,272.0,171.0,0.80752087,245.0,168.0,0.5120832,2,dog
dog\girl1_dog093.jpg,180.0,153.0,0.3215519,182.0,159.0,0.4428241,168.0,156.0,0.5686866,192.0,142.0,0.5671521,159.0,139.0,0.5505289,216.0,112.0,0.5927553,161.0,110.0,0.6757506,214.0,169.0,0.7514986,140.0,161.0,0.85655725,179.0,213.0,0.9200758,119.0,206.0,0.6602198,251.0,36.0,0.87851894,214.0,33.0,0.63416696,260.0,119.0,0.86321604,232.0,121.0,0.6973145,277.0,169.0,0.7294947,249.0,167.0,0.659687,2,dog
dog\girl1_dog094.jpg,180.0,153.0,0.31747752,183.0,159.0,0.4459292,170.0,156.0,0.44433683,192.0,142.0,0.5506978,159.0,139.0,0.54610807,216.0,113.0,0.625278,161.0,110.0,0.5092406,215.0,170.0,0.78560245,139.0,161.0,0.82765234,178.0,213.0,0.91013134,119.0,206.0,0.8980721,252.0,35.0,0.9086186,215.0,33.0,0.71582645,261.0,119.0,0.883085,232.0,122.0,0.5123626,278.0,168.0,0.7797843,252.0,167.0,0.75545454,2,dog
dog\girl1_dog095.jpg,181.0,152.0,0.34535927,183.0,158.0,0.49865264,170.0,155.0,0.48018,193.0,142.0,0.5603913,160.0,139.0,0.593662,216.0,112.0,0.64366496,161.0,110.0,0.53767645,216.0,169.0,0.7277615,140.0,159.0,0.6240747,177.0,213.0,0.9113839,119.0,207.0,0.6553803,252.0,36.0,0.9132389,215.0,33.0,0.7316334,263.0,119.0,0.8674136,235.0,120.0,0.7537303,280.0,170.0,0.8715507,253.0,167.0,0.7250889,2,dog
dog\girl1_dog097.jpg,181.0,153.0,0.3281654,183.0,159.0,0.49581745,170.0,156.0,0.43979913,194.0,143.0,0.5878014,160.0,139.0,0.5745716,217.0,112.0,0.652318,162.0,111.0,0.5388908,216.0,170.0,0.856003,141.0,160.0,0.6421055,176.0,213.0,0.9158069,119.0,205.0,0.7337643,255.0,34.0,0.8078203,218.0,32.0,0.590652,265.0,120.0,0.87085813,236.0,120.0,0.78756887,282.0,167.0,0.85286176,255.0,166.0,0.8061298,2,dog
dog\girl1_dog100.jpg,180.0,152.0,0.29944503,182.0,158.0,0.4191486,167.0,155.0,0.5540352,191.0,140.0,0.5638089,159.0,138.0,0.5951936,216.0,110.0,0.5211384,161.0,109.0,0.54971045,214.0,168.0,0.8751216,141.0,159.0,0.72424513,174.0,214.0,0.77356243,121.0,204.0,0.8506801,257.0,34.0,0.89189184,219.0,32.0,0.6956159,266.0,120.0,0.7970331,240.0,122.0,0.57861596,285.0,167.0,0.82894146,259.0,166.0,0.7105374,2,dog
dog\girl1_dog101.jpg,183.0,147.0,0.3005154,183.0,154.0,0.427707,171.0,151.0,0.47016,187.0,138.0,0.5447174,160.0,137.0,0.58200085,214.0,107.0,0.63951206,160.0,109.0,0.69113505,212.0,167.0,0.8785709,141.0,158.0,0.7135975,174.0,215.0,0.87907064,122.0,204.0,0.86070484,258.0,34.0,0.90094745,220.0,33.0,0.7606554,265.0,121.0,0.8880534,241.0,124.0,0.73932046,285.0,167.0,0.82862216,259.0,166.0,0.6463104,2,dog
dog\girl1_dog103.jpg,179.0,145.0,0.16654697,178.0,148.0,0.37615556,166.0,147.0,0.44564113,183.0,134.0,0.57453036,156.0,133.0,0.62926674,210.0,106.0,0.52664953,156.0,106.0,0.6830801,210.0,167.0,0.7790024,141.0,157.0,0.7442396,173.0,215.0,0.826296,122.0,205.0,0.8546982,257.0,35.0,0.81838804,220.0,34.0,0.6107135,264.0,125.0,0.9251678,241.0,127.0,0.71544266,287.0,167.0,0.7376406,262.0,167.0,0.59966457,2,dog
dog\girl1_dog105.jpg,173.0,142.0,0.2906064,172.0,144.0,0.37656614,162.0,145.0,0.4769898,176.0,128.0,0.59379256,152.0,130.0,0.5874922,204.0,103.0,0.65435755,151.0,104.0,0.69683003,208.0,166.0,0.8583584,139.0,158.0,0.87585884,173.0,217.0,0.8833952,120.0,209.0,0.77387303,255.0,38.0,0.8123437,219.0,36.0,0.78491044,263.0,128.0,0.87276536,237.0,129.0,0.8226645,287.0,167.0,0.82649565,264.0,168.0,0.5610132,2,dog
dog\girl1_dog114.jpg,121.0,138.0,0.55648595,120.0,135.0,0.49978018,114.0,136.0,0.5751284,128.0,109.0,0.8543075,112.0,112.0,0.5991121,171.0,95.0,0.7665212,118.0,96.0,0.63161826,182.0,172.0,0.69469595,117.0,166.0,0.72854424,178.0,234.0,0.77157223,101.0,220.0,0.8019717,232.0,59.0,0.64339024,196.0,56.0,0.75897676,245.0,144.0,0.84903264,219.0,146.0,0.72196645,280.0,172.0,0.73511887,255.0,174.0,0.7297273,2,dog
dog\girl2_dog026.jpg,104.0,176.0,0.5316585,99.0,175.0,0.49790698,99.0,175.0,0.5336703,96.0,163.0,0.69395506,97.0,163.0,0.535601,109.0,150.0,0.8629244,133.0,151.0,0.8164752,107.0,194.0,0.8656663,143.0,192.0,0.8600167,90.0,228.0,0.63248426,131.0,221.0,0.7969479,175.0,111.0,0.8725906,183.0,113.0,0.68955755,224.0,174.0,0.83217156,227.0,171.0,0.8406733,297.0,186.0,0.35256922,297.0,186.0,0.43515784,2,dog
dog\girl2_dog027.jpg,111.0,175.0,0.5303023,105.0,174.0,0.6607181,105.0,175.0,0.5417967,102.0,163.0,0.66951406,104.0,163.0,0.46024898,114.0,148.0,0.64783436,138.0,151.0,0.7796982,107.0,193.0,0.80768096,144.0,191.0,0.899716,90.0,226.0,0.60447097,131.0,220.0,0.77744246,178.0,108.0,0.8874955,188.0,110.0,0.6036733,225.0,177.0,0.9396057,232.0,171.0,0.7850217,301.0,209.0,0.6371192,300.0,204.0,0.71932703,2,dog
dog\girl2_dog028.jpg,109.0,177.0,0.4073254,104.0,175.0,0.4363318,104.0,177.0,0.3548171,103.0,164.0,0.4970304,105.0,166.0,0.36104935,115.0,149.0,0.56729245,141.0,156.0,0.70675695,108.0,193.0,0.51163054,145.0,192.0,0.65398276,91.0,226.0,0.52258146,130.0,220.0,0.84861195,181.0,109.0,0.7408617,191.0,108.0,0.7585914,221.0,180.0,0.91166615,227.0,177.0,0.6548155,293.0,223.0,0.8100213,292.0,221.0,0.7823406,2,dog
dog\girl2_dog029.jpg,117.0,182.0,0.6212634,113.0,181.0,0.7015492,112.0,181.0,0.62893236,109.0,170.0,0.5826569,111.0,171.0,0.59903455,120.0,151.0,0.7781736,144.0,160.0,0.6485137,111.0,195.0,0.67107964,147.0,195.0,0.9203731,95.0,230.0,0.7649182,131.0,223.0,0.812884,183.0,109.0,0.8156798,192.0,111.0,0.72696644,221.0,182.0,0.876975,229.0,179.0,0.73856497,292.0,227.0,0.83942354,290.0,226.0,0.79172504,2,dog
dog\girl2_dog030.jpg,125.0,186.0,0.5461335,120.0,186.0,0.63163763,121.0,186.0,0.69645715,116.0,174.0,0.6339689,117.0,175.0,0.46483386,125.0,151.0,0.6428987,148.0,164.0,0.5841626,113.0,199.0,0.54184186,149.0,197.0,0.9135677,97.0,231.0,0.70370996,132.0,223.0,0.8163913,185.0,103.0,0.8797264,200.0,107.0,0.8409475,224.0,179.0,0.9047632,233.0,177.0,0.6068364,291.0,230.0,0.6246237,289.0,228.0,0.7311665,2,dog
dog\girl2_dog033.jpg,132.0,194.0,0.482257,127.0,193.0,0.51152897,128.0,194.0,0.57979417,122.0,181.0,0.45131573,124.0,183.0,0.5038344,131.0,158.0,0.6247792,155.0,173.0,0.68292356,116.0,205.0,0.42625734,154.0,203.0,0.8487946,105.0,229.0,0.54049766,131.0,229.0,0.62915134,193.0,107.0,0.7468755,201.0,110.0,0.72506607,229.0,179.0,0.7385467,234.0,177.0,0.7075264,290.0,231.0,0.2907464,286.0,231.0,0.45792225,2,dog
dog\girl2_dog036.jpg,138.0,199.0,0.51609266,133.0,198.0,0.53879243,133.0,200.0,0.60375094,127.0,186.0,0.6284363,128.0,190.0,0.56196547,136.0,163.0,0.6967072,158.0,179.0,0.6412504,117.0,207.0,0.6110556,156.0,208.0,0.9085541,102.0,236.0,0.57244176,132.0,231.0,0.68569535,194.0,105.0,0.6945578,207.0,105.0,0.82414186,227.0,178.0,0.6205518,238.0,176.0,0.79981315,289.0,240.0,0.2296457,288.0,240.0,0.38341945,2,dog
dog\girl2_dog037.jpg,140.0,200.0,0.49246368,134.0,200.0,0.6529907,136.0,201.0,0.51592827,126.0,188.0,0.7048882,127.0,192.0,0.59829926,137.0,164.0,0.7474137,157.0,180.0,0.6032513,116.0,209.0,0.659678,156.0,209.0,0.7946008,101.0,235.0,0.54666144,134.0,231.0,0.7296142,192.0,107.0,0.7578926,205.0,107.0,0.7146602,229.0,180.0,0.66491926,240.0,179.0,0.7590234,283.0,235.0,0.26418418,280.0,235.0,0.39408338,2,dog
dog\girl2_dog041.jpg,144.0,203.0,0.43440366,141.0,203.0,0.47319198,142.0,203.0,0.39927724,130.0,194.0,0.47783214,135.0,196.0,0.41968814,136.0,170.0,0.76261604,158.0,187.0,0.5714655,114.0,210.0,0.6657656,156.0,211.0,0.8850707,100.0,236.0,0.6856421,132.0,232.0,0.63524264,188.0,106.0,0.8301773,208.0,104.0,0.6827737,225.0,182.0,0.9004946,239.0,179.0,0.6938764,274.0,250.0,0.64345795,284.0,249.0,0.62192464,2,dog
dog\girl2_dog044.jpg,143.0,204.0,0.45379657,139.0,204.0,0.49214667,140.0,204.0,0.45387924,129.0,196.0,0.58668613,135.0,199.0,0.31107968,133.0,173.0,0.76034915,158.0,184.0,0.7527631,112.0,211.0,0.67858326,156.0,212.0,0.9054718,100.0,236.0,0.779276,133.0,234.0,0.6905179,184.0,106.0,0.83492506,205.0,102.0,0.8174587,218.0,186.0,0.85402405,235.0,181.0,0.7029897,267.0,251.0,0.6851348,279.0,247.0,0.7751286,2,dog
dog\girl2_dog046.jpg,141.0,206.0,0.5308823,137.0,206.0,0.5654258,140.0,207.0,0.6073103,128.0,199.0,0.60489225,134.0,200.0,0.38634694,132.0,173.0,0.7305335,155.0,187.0,0.6198268,112.0,210.0,0.5836147,156.0,213.0,0.88517153,100.0,237.0,0.72851926,135.0,234.0,0.7178066,181.0,107.0,0.714218,203.0,103.0,0.7637456,212.0,185.0,0.8086697,233.0,181.0,0.6809238,262.0,254.0,0.6816058,273.0,250.0,0.7432236,2,dog
dog\girl2_dog047.jpg,143.0,203.0,0.55695564,138.0,204.0,0.5267375,140.0,204.0,0.5162173,128.0,198.0,0.66083395,135.0,198.0,0.5521575,131.0,175.0,0.5808091,155.0,183.0,0.7957499,114.0,206.0,0.4709067,155.0,213.0,0.7706417,100.0,237.0,0.79174095,136.0,233.0,0.6830236,178.0,106.0,0.76492023,201.0,103.0,0.72013426,208.0,186.0,0.9043424,232.0,180.0,0.71285284,258.0,253.0,0.5938087,271.0,250.0,0.7374972,2,dog
dog\girl2_dog053.jpg,134.0,204.0,0.37866625,130.0,205.0,0.42091188,134.0,205.0,0.4324376,127.0,201.0,0.6449858,134.0,201.0,0.4938198,125.0,182.0,0.80826473,148.0,188.0,0.746778,108.0,215.0,0.7117207,155.0,214.0,0.80558884,100.0,239.0,0.70147204,138.0,233.0,0.7910191,168.0,111.0,0.7964606,197.0,106.0,0.7785654,200.0,189.0,0.667364,220.0,185.0,0.59009796,243.0,259.0,0.63141966,259.0,254.0,0.67090863,2,dog
dog\girl2_dog054.jpg,133.0,203.0,0.24496111,129.0,206.0,0.48100892,134.0,206.0,0.50928193,125.0,203.0,0.71726304,133.0,202.0,0.45935103,124.0,183.0,0.77137727,148.0,190.0,0.79724634,107.0,216.0,0.7767228,156.0,214.0,0.79841465,100.0,240.0,0.6679239,139.0,233.0,0.7849494,167.0,112.0,0.86384,196.0,106.0,0.82040226,199.0,192.0,0.7920143,220.0,186.0,0.659197,241.0,260.0,0.65812606,256.0,255.0,0.64980876,2,dog
dog\girl2_dog055.jpg,134.0,206.0,0.31352812,130.0,208.0,0.45123383,134.0,208.0,0.36010557,126.0,202.0,0.65998226,134.0,203.0,0.44302335,126.0,181.0,0.7581327,146.0,190.0,0.7015835,107.0,216.0,0.6765609,157.0,214.0,0.7908542,100.0,240.0,0.661539,139.0,234.0,0.74196565,166.0,111.0,0.8197282,194.0,106.0,0.76824343,197.0,191.0,0.5761615,217.0,186.0,0.5454092,239.0,260.0,0.50639117,253.0,256.0,0.5817907,2,dog
dog\girl2_dog056.jpg,134.0,207.0,0.3356338,130.0,209.0,0.42594713,135.0,209.0,0.40244374,126.0,203.0,0.6789133,135.0,204.0,0.47878045,126.0,181.0,0.7920736,147.0,190.0,0.74613684,107.0,216.0,0.6778772,157.0,215.0,0.8241126,100.0,241.0,0.5815316,139.0,234.0,0.73918915,165.0,111.0,0.8566134,194.0,107.0,0.81281734,194.0,191.0,0.679343,217.0,186.0,0.6066994,234.0,262.0,0.5204981,252.0,257.0,0.6342037,2,dog
dog\girl2_dog058.jpg,135.0,207.0,0.4604259,129.0,211.0,0.44586092,134.0,211.0,0.6488248,125.0,206.0,0.7090697,132.0,206.0,0.5499007,124.0,182.0,0.77253383,145.0,190.0,0.73856807,106.0,217.0,0.8177489,157.0,215.0,0.84239054,101.0,239.0,0.6540094,139.0,234.0,0.7575221,162.0,111.0,0.82606184,190.0,107.0,0.7742686,189.0,191.0,0.85947275,214.0,187.0,0.7816081,230.0,263.0,0.63238156,246.0,257.0,0.6446721,2,dog
dog\girl2_dog059.jpg,134.0,207.0,0.3751121,129.0,210.0,0.3754865,133.0,210.0,0.5617206,124.0,205.0,0.70972514,131.0,205.0,0.44094756,123.0,182.0,0.68188274,145.0,189.0,0.60501665,106.0,218.0,0.7940738,157.0,215.0,0.78379476,101.0,238.0,0.63796973,139.0,235.0,0.68395776,161.0,111.0,0.88172054,190.0,108.0,0.8323714,187.0,191.0,0.8333802,210.0,188.0,0.4991477,226.0,263.0,0.5839186,243.0,259.0,0.58124375,2,dog
dog\girl2_dog061.jpg,136.0,208.0,0.41190436,133.0,211.0,0.41942072,137.0,211.0,0.4768503,128.0,206.0,0.66012645,136.0,206.0,0.55934006,122.0,184.0,0.83008647,148.0,186.0,0.6988314,106.0,217.0,0.8003243,159.0,215.0,0.70694,102.0,239.0,0.50160587,138.0,236.0,0.61572856,159.0,114.0,0.6913014,189.0,110.0,0.736825,184.0,193.0,0.76763594,206.0,191.0,0.86358744,237.0,254.0,0.25029472,238.0,255.0,0.71534497,2,dog
dog\girl2_dog062.jpg,137.0,209.0,0.39909813,134.0,212.0,0.43915552,138.0,211.0,0.560366,127.0,207.0,0.64388216,137.0,206.0,0.6045862,120.0,186.0,0.73396534,148.0,188.0,0.7306055,105.0,216.0,0.668651,158.0,215.0,0.767264,100.0,238.0,0.80395436,138.0,236.0,0.68581736,155.0,116.0,0.902786,185.0,112.0,0.7222127,182.0,196.0,0.7212912,204.0,191.0,0.7580762,205.0,247.0,0.22619084,231.0,249.0,0.7416581,2,dog
dog\girl2_dog063.jpg,136.0,210.0,0.48461643,133.0,213.0,0.5964268,136.0,212.0,0.6427733,126.0,207.0,0.6883328,135.0,205.0,0.5976821,121.0,187.0,0.787169,148.0,186.0,0.5756447,105.0,218.0,0.8164382,158.0,215.0,0.6731132,100.0,237.0,0.7375909,139.0,236.0,0.5551933,154.0,117.0,0.9016204,183.0,113.0,0.86827445,180.0,198.0,0.65953445,203.0,192.0,0.81525224,201.0,246.0,0.17412889,226.0,246.0,0.6504226,2,dog
dog\girl2_dog065.jpg,137.0,212.0,0.527514,134.0,214.0,0.39087746,136.0,214.0,0.63648385,127.0,207.0,0.49743894,134.0,208.0,0.436353,120.0,186.0,0.65914017,145.0,187.0,0.5308053,104.0,217.0,0.6297198,158.0,215.0,0.52677053,137.0,238.0,0.5939629,137.0,236.0,0.3737786,148.0,120.0,0.8802853,178.0,115.0,0.8918593,171.0,198.0,0.4674261,176.0,194.0,0.28193027,192.0,245.0,0.17165717,194.0,245.0,0.30022728,2,dog
dog\girl2_dog067.jpg,138.0,211.0,0.398938,133.0,214.0,0.5773792,137.0,214.0,0.641395,123.0,208.0,0.5276524,136.0,207.0,0.52430326,119.0,186.0,0.8459227,154.0,185.0,0.41286182,102.0,219.0,0.80224663,166.0,212.0,0.4679441,101.0,234.0,0.71743727,182.0,245.0,0.5153142,144.0,123.0,0.8263793,175.0,119.0,0.7021534,163.0,198.0,0.3393005,191.0,195.0,0.74740756,182.0,246.0,0.12501526,189.0,246.0,0.19918248,2,dog
dog\girl2_dog068.jpg,137.0,211.0,0.43399864,132.0,214.0,0.44456288,137.0,214.0,0.47733355,122.0,207.0,0.44800144,138.0,208.0,0.4141044,116.0,188.0,0.8329285,154.0,187.0,0.46081942,102.0,218.0,0.6318909,162.0,214.0,0.49509886,100.0,237.0,0.60807854,175.0,241.0,0.37608314,142.0,123.0,0.8467834,174.0,119.0,0.79028386,159.0,200.0,0.32486713,188.0,196.0,0.72103214,174.0,242.0,0.117537946,180.0,242.0,0.12206945,2,dog
dog\girl2_dog070.jpg,136.0,212.0,0.44669366,132.0,215.0,0.54740024,136.0,215.0,0.6184509,122.0,208.0,0.6303443,133.0,209.0,0.52918345,113.0,191.0,0.7857344,148.0,188.0,0.53433734,101.0,218.0,0.86170286,160.0,213.0,0.57842714,100.0,236.0,0.55072093,141.0,235.0,0.7107038,139.0,126.0,0.8830061,171.0,120.0,0.79510105,155.0,200.0,0.37602457,184.0,198.0,0.71925634,173.0,253.0,0.19084129,203.0,255.0,0.42555255,2,dog
dog\girl2_dog071.jpg,135.0,212.0,0.42519793,130.0,215.0,0.44167665,134.0,214.0,0.48268908,122.0,207.0,0.38900423,134.0,207.0,0.47395128,116.0,190.0,0.7459073,147.0,188.0,0.4828462,102.0,219.0,0.74333555,158.0,213.0,0.5095509,103.0,238.0,0.6673709,169.0,247.0,0.5961051,138.0,127.0,0.7906002,170.0,123.0,0.77594113,153.0,202.0,0.24069121,181.0,199.0,0.767615,168.0,249.0,0.15311375,196.0,249.0,0.25043017,2,dog
dog\girl2_dog072.jpg,139.0,211.0,0.46882528,134.0,215.0,0.456278,138.0,213.0,0.6437981,124.0,208.0,0.51412374,135.0,208.0,0.6034355,113.0,193.0,0.81634134,149.0,191.0,0.51836157,102.0,219.0,0.7958478,157.0,214.0,0.5296288,102.0,236.0,0.65173995,159.0,240.0,0.1801838,135.0,126.0,0.8750557,167.0,121.0,0.7919931,151.0,202.0,0.2913839,178.0,201.0,0.8780442,164.0,247.0,0.1698927,193.0,248.0,0.32241413,2,dog
dog\girl2_dog074.jpg,135.0,215.0,0.40555638,130.0,217.0,0.515638,135.0,216.0,0.43193263,121.0,209.0,0.43710575,134.0,210.0,0.3135088,115.0,193.0,0.7006817,152.0,193.0,0.27302176,102.0,220.0,0.804711,154.0,221.0,0.4510619,106.0,236.0,0.42090756,158.0,240.0,0.24861935,133.0,127.0,0.731871,165.0,126.0,0.70021766,147.0,202.0,0.2609648,174.0,204.0,0.7134267,156.0,242.0,0.11940685,187.0,244.0,0.1857807,2,dog
dog\girl2_dog078.jpg,139.0,210.0,0.3321337,135.0,212.0,0.46545333,139.0,212.0,0.35750335,127.0,205.0,0.5028272,138.0,205.0,0.34461042,121.0,192.0,0.5991737,157.0,191.0,0.30657268,108.0,218.0,0.5780424,172.0,212.0,0.13316816,111.0,227.0,0.28827074,184.0,260.0,0.33048144,134.0,128.0,0.6423962,164.0,128.0,0.673629,143.0,209.0,0.35833585,171.0,202.0,0.6162386,152.0,259.0,0.14794475,183.0,261.0,0.24788225,2,dog
dog\girl3_dog043.jpg,144.0,246.0,0.29191595,148.0,248.0,0.30406815,143.0,251.0,0.27316242,150.0,238.0,0.38849157,140.0,244.0,0.43912077,154.0,219.0,0.5180038,126.0,228.0,0.50694644,166.0,239.0,0.408522,129.0,264.0,0.6238343,177.0,266.0,0.47903433,146.0,289.0,0.55268425,121.0,155.0,0.23481438,97.0,163.0,0.12860891,121.0,159.0,0.23882335,78.0,154.0,0.14845717,75.0,185.0,0.42968982,74.0,187.0,0.3397271,2,dog
dog\girl3_dog046.jpg,144.0,247.0,0.29286402,150.0,249.0,0.40340444,144.0,253.0,0.35935652,151.0,240.0,0.28513902,139.0,245.0,0.39834833,154.0,220.0,0.533797,125.0,232.0,0.36758184,167.0,248.0,0.29614368,128.0,264.0,0.6152825,174.0,267.0,0.45123124,143.0,291.0,0.60347253,112.0,158.0,0.34690276,92.0,169.0,0.12107551,84.0,175.0,0.11407846,73.0,182.0,0.1150949,76.0,184.0,0.23414639,72.0,184.0,0.27878708,2,dog
dog\girl3_dog057.jpg,139.0,245.0,0.2779613,144.0,246.0,0.32978618,138.0,249.0,0.3475905,146.0,238.0,0.34201232,134.0,242.0,0.42018673,151.0,219.0,0.54321486,121.0,229.0,0.47173846,160.0,236.0,0.4374123,121.0,258.0,0.6005573,168.0,267.0,0.4482662,133.0,286.0,0.53526425,126.0,169.0,0.15253413,108.0,173.0,0.15921861,117.0,122.0,0.21970797,110.0,127.0,0.20053571,88.0,172.0,0.19639274,87.0,172.0,0.25123626,2,dog
dog\guy1_dog028.jpg,152.0,100.0,0.5523969,157.0,99.0,0.60764766,156.0,99.0,0.5753925,157.0,89.0,0.5047155,158.0,88.0,0.7125236,148.0,73.0,0.76798415,131.0,78.0,0.73499143,152.0,108.0,0.70456433,132.0,121.0,0.8741145,168.0,136.0,0.78100026,149.0,147.0,0.9108064,89.0,43.0,0.7206213,80.0,42.0,0.80978465,68.0,93.0,0.67309934,61.0,92.0,0.6785079,32.0,117.0,0.74849135,24.0,120.0,0.8311887,2,dog
dog\guy1_dog030.jpg,144.0,101.0,0.64309883,148.0,102.0,0.6809617,147.0,102.0,0.5504657,151.0,91.0,0.7697582,148.0,90.0,0.7030612,140.0,75.0,0.7696427,124.0,80.0,0.6584887,149.0,109.0,0.8550471,126.0,121.0,0.89047,167.0,135.0,0.9440985,145.0,145.0,0.7772491,86.0,39.0,0.8167684,74.0,41.0,0.6655785,62.0,88.0,0.70822275,54.0,88.0,0.9372674,33.0,115.0,0.7162439,24.0,118.0,0.694036,2,dog
dog\guy1_dog032.jpg,132.0,104.0,0.49877596,136.0,104.0,0.64417255,135.0,104.0,0.60352355,140.0,95.0,0.7655959,136.0,95.0,0.71064717,137.0,80.0,0.70372856,118.0,85.0,0.7844119,149.0,111.0,0.8673902,124.0,122.0,0.7789185,168.0,135.0,0.85734296,144.0,144.0,0.7459396,85.0,39.0,0.77222526,71.0,40.0,0.9070287,62.0,88.0,0.68713343,53.0,87.0,0.80472064,37.0,116.0,0.8630146,26.0,118.0,0.74835885,2,dog
dog\guy1_dog034.jpg,130.0,106.0,0.51426804,134.0,107.0,0.52549505,132.0,107.0,0.60702884,136.0,99.0,0.5704481,134.0,100.0,0.65981185,135.0,83.0,0.8672688,116.0,90.0,0.79078484,150.0,112.0,0.9119513,125.0,124.0,0.88541424,169.0,137.0,0.8586775,139.0,143.0,0.7390431,86.0,38.0,0.8346937,71.0,41.0,0.8891786,62.0,89.0,0.82481897,54.0,87.0,0.86341923,41.0,118.0,0.80729485,30.0,119.0,0.8436048,2,dog
dog\guy1_dog040.jpg,135.0,116.0,0.4356543,139.0,118.0,0.61891705,136.0,118.0,0.4500954,142.0,109.0,0.5960156,135.0,111.0,0.51458454,145.0,92.0,0.9082047,122.0,95.0,0.774981,164.0,120.0,0.9260137,134.0,127.0,0.7209795,183.0,142.0,0.90218675,148.0,145.0,0.7837052,96.0,42.0,0.7298444,82.0,43.0,0.84425807,74.0,93.0,0.84646034,67.0,90.0,0.8429067,57.0,123.0,0.912953,47.0,124.0,0.86475074,2,dog
dog\guy1_dog041.jpg,141.0,118.0,0.4165345,143.0,119.0,0.4458485,141.0,120.0,0.54216635,146.0,110.0,0.5430414,138.0,112.0,0.62312317,147.0,92.0,0.8423244,124.0,95.0,0.80697805,166.0,121.0,0.8351494,136.0,129.0,0.68214905,186.0,142.0,0.9063194,149.0,143.0,0.61212265,99.0,42.0,0.7393143,85.0,42.0,0.86796224,77.0,91.0,0.8623179,70.0,89.0,0.85715723,61.0,122.0,0.7655293,49.0,124.0,0.8811921,2,dog
dog\guy1_dog044.jpg,142.0,118.0,0.46604225,145.0,119.0,0.47396407,143.0,120.0,0.5437465,149.0,109.0,0.5546258,141.0,112.0,0.6701622,152.0,92.0,0.8618853,128.0,96.0,0.70337117,172.0,121.0,0.9031378,137.0,129.0,0.6303054,191.0,143.0,0.84589183,154.0,147.0,0.7700801,106.0,40.0,0.64807063,92.0,41.0,0.68736005,84.0,91.0,0.79659903,76.0,90.0,0.76369345,69.0,122.0,0.8178309,57.0,124.0,0.8979107,2,dog
dog\guy1_dog046.jpg,141.0,116.0,0.3816567,145.0,118.0,0.533692,141.0,118.0,0.62513065,149.0,108.0,0.5346148,140.0,110.0,0.6399278,154.0,91.0,0.7499934,128.0,96.0,0.7734053,174.0,122.0,0.8163911,136.0,128.0,0.6719608,192.0,145.0,0.872944,148.0,145.0,0.62958926,110.0,38.0,0.83685327,93.0,41.0,0.768878,88.0,91.0,0.7215429,79.0,90.0,0.66297585,73.0,122.0,0.89062464,60.0,123.0,0.70348865,2,dog
dog\guy1_dog049.jpg,145.0,118.0,0.32716262,148.0,119.0,0.46050167,144.0,120.0,0.49028742,152.0,110.0,0.5731363,139.0,113.0,0.53158617,158.0,94.0,0.7990888,128.0,98.0,0.69495654,175.0,123.0,0.8576038,134.0,129.0,0.76911426,193.0,147.0,0.6958022,148.0,146.0,0.4748672,112.0,37.0,0.73034835,96.0,40.0,0.7386008,95.0,90.0,0.6624117,82.0,91.0,0.8391547,81.0,122.0,0.8960306,68.0,124.0,0.8839897,2,dog
dog\guy1_dog058.jpg,139.0,115.0,0.39789107,144.0,117.0,0.54644513,138.0,118.0,0.5097956,148.0,108.0,0.6047624,131.0,110.0,0.7058078,156.0,92.0,0.7701035,116.0,96.0,0.5731176,169.0,121.0,0.5828724,117.0,129.0,0.84520483,182.0,147.0,0.85877264,128.0,148.0,0.48971668,118.0,34.0,0.88270235,100.0,38.0,0.6742724,109.0,83.0,0.5707323,93.0,86.0,0.8870386,97.0,115.0,0.58433616,82.0,119.0,0.6711713,2,dog
dog\guy1_dog060.jpg,137.0,120.0,0.4987901,140.0,120.0,0.50412756,134.0,120.0,0.6162772,144.0,111.0,0.5998642,126.0,112.0,0.3994391,153.0,92.0,0.71667945,113.0,95.0,0.5226261,169.0,124.0,0.7840742,114.0,126.0,0.54943734,175.0,142.0,0.57826465,118.0,139.0,0.17713392,120.0,35.0,0.7718734,100.0,36.0,0.66696006,120.0,83.0,0.5828757,94.0,87.0,0.8861459,102.0,119.0,0.50016236,86.0,119.0,0.7635218,2,dog
dog\guy1_dog061.jpg,136.0,118.0,0.44518068,140.0,119.0,0.58840346,133.0,118.0,0.58056945,144.0,109.0,0.64072335,125.0,110.0,0.4398328,153.0,92.0,0.5747938,112.0,94.0,0.53285104,168.0,123.0,0.8298176,113.0,124.0,0.5517519,174.0,142.0,0.6928825,117.0,139.0,0.2485649,122.0,36.0,0.78819084,102.0,37.0,0.69292974,123.0,84.0,0.5340333,96.0,87.0,0.8829775,110.0,123.0,0.3934747,88.0,120.0,0.6492523,2,dog
dog\guy1_dog063.jpg,135.0,115.0,0.45078868,139.0,116.0,0.595462,133.0,116.0,0.46522063,143.0,107.0,0.5595147,126.0,109.0,0.6303096,152.0,91.0,0.6726547,112.0,93.0,0.4315396,167.0,124.0,0.6708254,111.0,123.0,0.48178822,173.0,140.0,0.65228415,115.0,138.0,0.18861961,125.0,34.0,0.81393397,105.0,35.0,0.6413021,126.0,83.0,0.48668724,100.0,86.0,0.9019048,121.0,101.0,0.11861527,94.0,118.0,0.63968676,2,dog
dog\guy1_dog064.jpg,136.0,116.0,0.43377706,140.0,117.0,0.49283922,134.0,117.0,0.59114826,143.0,109.0,0.531784,127.0,110.0,0.47641748,151.0,91.0,0.5944883,112.0,93.0,0.580277,164.0,121.0,0.77182275,110.0,123.0,0.40372562,172.0,143.0,0.70808244,114.0,142.0,0.23483163,126.0,34.0,0.6302371,106.0,34.0,0.8033123,125.0,83.0,0.4427779,100.0,86.0,0.7708673,108.0,122.0,0.41855145,96.0,118.0,0.6441198,2,dog
dog\guy1_dog074.jpg,145.0,114.0,0.4827328,149.0,115.0,0.5126494,142.0,113.0,0.39115798,156.0,104.0,0.63529074,135.0,103.0,0.5919559,166.0,87.0,0.8109275,126.0,86.0,0.6017892,175.0,117.0,0.53204197,116.0,118.0,0.5613676,176.0,133.0,0.4354604,118.0,137.0,0.10380286,156.0,32.0,0.6436883,133.0,32.0,0.5026695,152.0,73.0,0.2765264,128.0,79.0,0.50962275,151.0,113.0,0.23653239,133.0,115.0,0.2539009,2,dog
dog\guy1_dog080.jpg,162.0,113.0,0.447926,166.0,112.0,0.34675103,159.0,113.0,0.4866354,174.0,103.0,0.5180047,152.0,102.0,0.6339153,185.0,86.0,0.77900445,143.0,86.0,0.7222122,190.0,117.0,0.5831624,133.0,117.0,0.86998856,187.0,129.0,0.17153999,130.0,136.0,0.20097744,179.0,32.0,0.6323859,156.0,32.0,0.63107127,180.0,79.0,0.32173994,152.0,73.0,0.31284818,179.0,108.0,0.28042698,159.0,103.0,0.1464647,2,dog
dog\guy1_dog081.jpg,165.0,110.0,0.35155106,169.0,111.0,0.49122185,162.0,112.0,0.3839764,178.0,103.0,0.57264435,157.0,102.0,0.61227167,189.0,89.0,0.78557765,146.0,86.0,0.75358856,194.0,119.0,0.5478427,136.0,118.0,0.8676126,191.0,136.0,0.34699154,132.0,141.0,0.6287646,184.0,31.0,0.7149018,159.0,32.0,0.56251526,185.0,83.0,0.3100462,155.0,78.0,0.28610542,185.0,109.0,0.18923423,165.0,117.0,0.2627722,2,dog
dog\guy1_dog082.jpg,169.0,114.0,0.47509617,173.0,114.0,0.4495885,166.0,114.0,0.5015514,181.0,104.0,0.56353974,159.0,103.0,0.52083576,191.0,89.0,0.85029036,149.0,88.0,0.7959113,197.0,121.0,0.69550794,139.0,119.0,0.7925768,188.0,113.0,0.31266573,137.0,139.0,0.241146,187.0,31.0,0.8701347,164.0,32.0,0.54442185,189.0,84.0,0.47805202,161.0,76.0,0.29589987,188.0,111.0,0.44412,168.0,112.0,0.19098443,2,dog
dog\guy1_dog086.jpg,183.0,114.0,0.4355227,187.0,115.0,0.425073,179.0,114.0,0.4772029,195.0,105.0,0.40367636,173.0,105.0,0.5973196,205.0,86.0,0.8122891,163.0,87.0,0.78900146,208.0,120.0,0.7145366,150.0,118.0,0.6983471,205.0,132.0,0.21274403,148.0,138.0,0.24223489,206.0,28.0,0.8486838,182.0,30.0,0.5262622,205.0,82.0,0.61508894,181.0,77.0,0.46607363,205.0,118.0,0.35668024,185.0,114.0,0.29727948,2,dog
dog\guy1_dog087.jpg,187.0,112.0,0.39618927,191.0,113.0,0.34632474,183.0,113.0,0.4257263,198.0,104.0,0.524842,176.0,104.0,0.50140995,209.0,89.0,0.76333255,166.0,87.0,0.5282462,212.0,121.0,0.46657377,153.0,119.0,0.8148345,208.0,133.0,0.30136403,148.0,140.0,0.5872501,210.0,30.0,0.7397261,186.0,30.0,0.5308146,209.0,84.0,0.50396687,183.0,78.0,0.3476014,206.0,113.0,0.22958145,192.0,114.0,0.27086258,2,dog
dog\guy1_dog088.jpg,189.0,110.0,0.313142,193.0,112.0,0.41790655,185.0,112.0,0.3529298,200.0,106.0,0.5278923,179.0,104.0,0.5767554,210.0,91.0,0.6953945,170.0,87.0,0.73491967,215.0,122.0,0.6095538,155.0,118.0,0.788322,209.0,137.0,0.4640593,148.0,143.0,0.7683493,213.0,30.0,0.7715569,190.0,29.0,0.7138078,212.0,83.0,0.5408545,194.0,79.0,0.453104,210.0,114.0,0.3429026,198.0,113.0,0.29760915,2,dog
dog\guy1_dog091.jpg,196.0,111.0,0.39242744,199.0,113.0,0.51954585,191.0,113.0,0.5381747,205.0,105.0,0.5759335,186.0,105.0,0.50923645,219.0,90.0,0.735339,179.0,86.0,0.69472283,224.0,123.0,0.41828397,163.0,117.0,0.8206718,212.0,149.0,0.77319705,154.0,143.0,0.90019226,228.0,30.0,0.90967333,205.0,25.0,0.8471812,225.0,84.0,0.57305384,212.0,81.0,0.36943612,224.0,114.0,0.37482697,215.0,112.0,0.3993456,2,dog
dog\guy1_dog092.jpg,200.0,110.0,0.46720007,202.0,113.0,0.51434696,195.0,113.0,0.45264015,208.0,105.0,0.56891835,190.0,105.0,0.46441412,221.0,92.0,0.7458551,181.0,86.0,0.7032611,225.0,125.0,0.39050564,165.0,118.0,0.889024,216.0,146.0,0.7250786,156.0,144.0,0.6557107,232.0,31.0,0.87270963,208.0,28.0,0.81281483,231.0,83.0,0.5684539,216.0,81.0,0.44776094,230.0,120.0,0.40946674,225.0,116.0,0.44696623,2,dog
dog\guy1_dog093.jpg,201.0,113.0,0.36420542,204.0,116.0,0.4384498,197.0,114.0,0.6162543,210.0,106.0,0.7005213,192.0,106.0,0.56829995,224.0,92.0,0.7506937,183.0,86.0,0.60088617,228.0,125.0,0.51119685,168.0,118.0,0.8818817,219.0,144.0,0.49913698,158.0,144.0,0.7214405,235.0,31.0,0.90041363,211.0,29.0,0.7729461,236.0,82.0,0.7398272,222.0,83.0,0.40618384,238.0,121.0,0.6300246,230.0,119.0,0.36549327,2,dog
dog\guy1_dog095.jpg,204.0,114.0,0.43203765,208.0,117.0,0.4922203,200.0,116.0,0.5449194,215.0,107.0,0.68712705,195.0,106.0,0.6299297,227.0,92.0,0.5745631,187.0,87.0,0.7448397,228.0,130.0,0.6513326,171.0,120.0,0.8554467,223.0,145.0,0.347767,160.0,146.0,0.78150976,243.0,30.0,0.83294696,218.0,27.0,0.85191894,245.0,80.0,0.647779,230.0,81.0,0.43928713,246.0,117.0,0.53438413,238.0,120.0,0.46029603,2,dog
dog\guy1_dog097.jpg,207.0,116.0,0.52122635,211.0,118.0,0.6115067,203.0,117.0,0.609433,219.0,108.0,0.5944015,198.0,108.0,0.6688602,231.0,91.0,0.65820134,190.0,88.0,0.70929956,233.0,126.0,0.600029,172.0,120.0,0.9399462,224.0,145.0,0.5967494,161.0,145.0,0.7974676,249.0,30.0,0.8830277,225.0,26.0,0.8005009,249.0,82.0,0.8436914,234.0,82.0,0.53023785,253.0,118.0,0.6791655,240.0,121.0,0.35520563,2,dog
dog\guy1_dog098.jpg,208.0,116.0,0.393149,211.0,119.0,0.49968326,204.0,119.0,0.5540166,218.0,109.0,0.6434477,198.0,109.0,0.5832329,233.0,90.0,0.6346099,192.0,88.0,0.7701212,235.0,129.0,0.571103,173.0,120.0,0.9236746,224.0,147.0,0.2759568,162.0,146.0,0.84815717,253.0,29.0,0.87340266,227.0,27.0,0.7843985,252.0,82.0,0.9015869,235.0,82.0,0.6411876,257.0,118.0,0.63934845,239.0,125.0,0.3293721,2,dog
dog\guy1_dog099.jpg,210.0,115.0,0.43219823,213.0,117.0,0.48006544,205.0,117.0,0.56377816,218.0,108.0,0.6605717,199.0,107.0,0.5641196,233.0,91.0,0.5987598,191.0,86.0,0.6184233,233.0,130.0,0.6495131,173.0,120.0,0.714394,229.0,141.0,0.2961536,163.0,143.0,0.5815435,255.0,30.0,0.8461951,232.0,27.0,0.81502783,255.0,82.0,0.9377115,239.0,80.0,0.71349573,260.0,117.0,0.6373286,241.0,125.0,0.45544216,2,dog
dog\guy1_dog101.jpg,209.0,113.0,0.4254185,212.0,116.0,0.5875191,203.0,115.0,0.54422414,218.0,106.0,0.73038995,197.0,105.0,0.5600314,233.0,91.0,0.5350532,191.0,86.0,0.6991544,234.0,132.0,0.77752125,174.0,121.0,0.8457694,230.0,140.0,0.21120927,164.0,143.0,0.3312168,259.0,30.0,0.91144955,236.0,25.0,0.87599254,260.0,83.0,0.78791535,242.0,82.0,0.7072662,266.0,119.0,0.5779929,257.0,117.0,0.71194637,2,dog
dog\guy1_dog102.jpg,207.0,111.0,0.37744305,209.0,115.0,0.38606173,201.0,114.0,0.58611465,217.0,105.0,0.649949,196.0,103.0,0.6370357,233.0,90.0,0.58926314,191.0,84.0,0.7124687,232.0,132.0,0.79504275,174.0,120.0,0.7697221,230.0,142.0,0.25395936,163.0,143.0,0.4219193,261.0,29.0,0.9088645,238.0,24.0,0.8753683,262.0,84.0,0.7215795,245.0,83.0,0.6697698,268.0,118.0,0.6609939,260.0,117.0,0.7439183,2,dog
dog\guy1_dog105.jpg,198.0,108.0,0.45720974,199.0,109.0,0.57065827,193.0,109.0,0.52244157,208.0,99.0,0.5658838,189.0,98.0,0.63041836,228.0,87.0,0.6704465,188.0,78.0,0.61977893,229.0,131.0,0.7668197,173.0,117.0,0.75459784,224.0,142.0,0.13305885,162.0,141.0,0.36111313,262.0,29.0,0.90248024,240.0,23.0,0.76787925,264.0,83.0,0.8844792,250.0,84.0,0.73496145,276.0,119.0,0.59157586,267.0,119.0,0.7946985,2,dog
dog\guy1_dog109.jpg,182.0,107.0,0.40805694,181.0,107.0,0.68078935,177.0,107.0,0.6467024,187.0,92.0,0.59938663,175.0,92.0,0.5321744,214.0,80.0,0.69655573,175.0,76.0,0.75853086,217.0,130.0,0.8670612,163.0,117.0,0.7571901,206.0,154.0,0.17430443,152.0,153.0,0.7772925,254.0,29.0,0.92501926,235.0,25.0,0.84500575,264.0,87.0,0.8629073,248.0,88.0,0.75965387,283.0,120.0,0.61697686,274.0,119.0,0.65130645,2,dog
dog\guy1_dog110.jpg,179.0,106.0,0.61439914,177.0,105.0,0.65284795,174.0,105.0,0.7121745,181.0,89.0,0.75265557,172.0,90.0,0.46729076,208.0,79.0,0.6526466,171.0,75.0,0.7713962,214.0,129.0,0.8290825,160.0,116.0,0.9075873,200.0,160.0,0.38360727,152.0,152.0,0.8006159,252.0,29.0,0.838112,234.0,29.0,0.82485414,262.0,87.0,0.7023903,246.0,89.0,0.6798203,284.0,120.0,0.77173615,276.0,118.0,0.6659481,2,dog
dog\guy1_dog112.jpg,167.0,105.0,0.619389,165.0,103.0,0.57052034,162.0,103.0,0.68372375,170.0,88.0,0.8171191,162.0,88.0,0.59670556,199.0,79.0,0.7463497,164.0,73.0,0.8099114,206.0,129.0,0.85128593,156.0,117.0,0.73502743,192.0,162.0,0.9142195,147.0,152.0,0.9381134,248.0,31.0,0.8368429,228.0,35.0,0.74847853,258.0,92.0,0.6819818,244.0,93.0,0.6900764,285.0,121.0,0.8213423,278.0,119.0,0.81817853,2,dog
dog\guy1_dog114.jpg,156.0,102.0,0.6242818,153.0,99.0,0.64756155,151.0,99.0,0.80269134,160.0,84.0,0.75127697,153.0,84.0,0.64088964,190.0,78.0,0.80881715,158.0,70.0,0.770273,196.0,129.0,0.8640729,152.0,115.0,0.8411592,185.0,163.0,0.80313647,144.0,151.0,0.8274025,244.0,36.0,0.84833026,224.0,35.0,0.8001306,253.0,99.0,0.7692075,241.0,98.0,0.80663764,285.0,123.0,0.6389307,278.0,116.0,0.73883235,2,dog
dog\guy2_dog025.jpg,222.0,145.0,0.4183721,229.0,144.0,0.390325,227.0,144.0,0.4175511,233.0,130.0,0.48065078,230.0,131.0,0.43570122,210.0,105.0,0.73570496,194.0,123.0,0.78652024,211.0,140.0,0.37821963,188.0,174.0,0.8262751,218.0,178.0,0.73480034,205.0,210.0,0.5964046,130.0,77.0,0.36896792,119.0,78.0,0.5713964,103.0,135.0,0.30533177,98.0,134.0,0.55232424,44.0,153.0,0.35626912,39.0,155.0,0.49242133,2,dog
dog\guy2_dog027.jpg,215.0,149.0,0.38943246,222.0,148.0,0.46672568,221.0,148.0,0.48970464,228.0,135.0,0.41866413,226.0,137.0,0.47608164,208.0,108.0,0.7899077,190.0,128.0,0.61481917,209.0,146.0,0.5255102,187.0,180.0,0.8665638,220.0,179.0,0.8617395,208.0,215.0,0.6329738,129.0,73.0,0.51500463,117.0,76.0,0.5463931,97.0,132.0,0.22954288,92.0,132.0,0.68262494,45.0,155.0,0.449713,39.0,157.0,0.5336788,2,dog
dog\guy2_dog031.jpg,195.0,160.0,0.3937983,202.0,159.0,0.5887362,200.0,160.0,0.596015,206.0,147.0,0.48709852,201.0,147.0,0.4745483,192.0,118.0,0.75903153,173.0,143.0,0.58925253,201.0,156.0,0.6686696,184.0,191.0,0.7429592,223.0,182.0,0.8817924,211.0,219.0,0.5395243,117.0,67.0,0.55422384,103.0,73.0,0.5206909,83.0,125.0,0.34932044,77.0,124.0,0.69251287,44.0,159.0,0.61974293,35.0,162.0,0.5340811,2,dog
dog\guy2_dog033.jpg,185.0,166.0,0.43475145,191.0,165.0,0.49506488,189.0,166.0,0.5280352,194.0,152.0,0.44591957,189.0,154.0,0.5338987,180.0,124.0,0.64616656,164.0,145.0,0.55524635,197.0,158.0,0.45252684,180.0,193.0,0.44008702,221.0,182.0,0.659816,208.0,221.0,0.82722497,108.0,67.0,0.5825858,96.0,75.0,0.46512708,78.0,125.0,0.36082444,70.0,124.0,0.67138815,43.0,160.0,0.5138534,31.0,164.0,0.7785814,2,dog
dog\guy2_dog037.jpg,171.0,177.0,0.378856,175.0,175.0,0.59113675,173.0,178.0,0.43525472,174.0,165.0,0.5158567,168.0,169.0,0.5427552,169.0,134.0,0.68863666,147.0,153.0,0.43114564,190.0,158.0,0.66871965,173.0,199.0,0.4862171,214.0,183.0,0.60810256,201.0,223.0,0.72400963,90.0,71.0,0.699074,81.0,82.0,0.52560407,63.0,131.0,0.33857772,58.0,132.0,0.55864817,35.0,162.0,0.49356622,23.0,171.0,0.60793644,2,dog
dog\guy2_dog042.jpg,158.0,178.0,0.5079026,163.0,176.0,0.42631912,160.0,180.0,0.43709382,158.0,164.0,0.42878035,152.0,174.0,0.48267123,152.0,134.0,0.8033372,131.0,160.0,0.4152025,175.0,157.0,0.5003226,160.0,204.0,0.56295073,201.0,179.0,0.7523963,189.0,224.0,0.6141581,79.0,80.0,0.5358708,66.0,90.0,0.51422215,51.0,134.0,0.28435344,45.0,138.0,0.64938986,28.0,155.0,0.3227641,15.0,172.0,0.83328134,2,dog
dog\guy2_dog045.jpg,153.0,177.0,0.4485318,157.0,174.0,0.42478392,153.0,179.0,0.348902,154.0,163.0,0.30837044,148.0,171.0,0.41097564,144.0,136.0,0.638119,125.0,160.0,0.3516752,167.0,154.0,0.37057662,153.0,202.0,0.43986243,194.0,175.0,0.806433,182.0,220.0,0.5031646,71.0,83.0,0.67566013,60.0,95.0,0.42431504,49.0,130.0,0.19287655,41.0,140.0,0.6314374,28.0,146.0,0.16873834,11.0,170.0,0.7240815,2,dog
dog\guy2_dog048.jpg,146.0,175.0,0.37201446,151.0,172.0,0.5151644,147.0,176.0,0.56121784,149.0,161.0,0.35294268,143.0,168.0,0.30233225,137.0,135.0,0.48729828,120.0,160.0,0.30684936,162.0,148.0,0.41208667,145.0,199.0,0.5343152,187.0,169.0,0.6825308,175.0,217.0,0.7340506,65.0,85.0,0.67798245,56.0,96.0,0.46677974,49.0,123.0,0.25907993,38.0,138.0,0.4017174,24.0,146.0,0.25638258,9.0,167.0,0.58945006,2,dog
dog\guy2_dog053.jpg,143.0,168.0,0.3744313,147.0,164.0,0.5279663,145.0,169.0,0.5283163,144.0,156.0,0.37486708,139.0,167.0,0.45586514,132.0,130.0,0.7680496,121.0,167.0,0.60804343,152.0,144.0,0.44800538,140.0,194.0,0.84685665,181.0,162.0,0.4568208,168.0,207.0,0.6393647,64.0,88.0,0.5724536,62.0,113.0,0.43559974,51.0,88.0,0.51379144,45.0,132.0,0.31669766,19.0,141.0,0.4169985,10.0,155.0,0.42636943,2,dog
dog\guy2_dog055.jpg,139.0,163.0,0.41567516,143.0,159.0,0.5092279,141.0,164.0,0.52087206,141.0,151.0,0.5106844,135.0,163.0,0.5550632,131.0,127.0,0.69116926,117.0,165.0,0.6754168,151.0,138.0,0.44081402,139.0,191.0,0.8425828,177.0,156.0,0.5551805,166.0,204.0,0.7941166,58.0,84.0,0.77480185,54.0,106.0,0.38423353,51.0,88.0,0.5095292,38.0,128.0,0.25619847,23.0,136.0,0.40430698,12.0,150.0,0.5311414,2,dog
dog\guy2_dog056.jpg,137.0,162.0,0.5409964,142.0,159.0,0.5873697,139.0,164.0,0.4942786,140.0,148.0,0.6098821,132.0,160.0,0.47242415,131.0,127.0,0.70371455,115.0,161.0,0.7008933,151.0,138.0,0.5490658,138.0,190.0,0.8779251,176.0,154.0,0.65105397,166.0,202.0,0.7220409,62.0,87.0,0.33137017,53.0,102.0,0.5020233,46.0,93.0,0.41284263,38.0,123.0,0.447471,19.0,134.0,0.34910113,12.0,149.0,0.6129604,2,dog
dog\guy2_dog057.jpg,138.0,158.0,0.5370763,142.0,156.0,0.58385766,139.0,161.0,0.41212064,140.0,146.0,0.63420665,131.0,159.0,0.40452445,129.0,125.0,0.7502079,113.0,156.0,0.63420886,152.0,136.0,0.44787934,138.0,188.0,0.7733089,177.0,153.0,0.7359322,164.0,200.0,0.7761133,55.0,82.0,0.6601046,49.0,94.0,0.6321836,45.0,103.0,0.23275074,35.0,125.0,0.2924353,21.0,136.0,0.3803435,13.0,147.0,0.44268245,2,dog
dog\guy2_dog058.jpg,138.0,160.0,0.52519643,141.0,157.0,0.6449952,139.0,162.0,0.5651142,138.0,146.0,0.56645304,133.0,159.0,0.5341873,131.0,127.0,0.7145032,115.0,159.0,0.6276568,152.0,137.0,0.43472964,137.0,189.0,0.759908,176.0,153.0,0.7461937,163.0,200.0,0.7770683,55.0,82.0,0.80871916,51.0,98.0,0.4637419,46.0,92.0,0.47449228,36.0,122.0,0.35447454,19.0,132.0,0.3673584,11.0,145.0,0.54250443,2,dog
dog\guy2_dog059.jpg,139.0,157.0,0.48827118,142.0,155.0,0.559887,140.0,159.0,0.59251684,139.0,145.0,0.5932541,133.0,158.0,0.45305973,132.0,127.0,0.6106574,114.0,156.0,0.7253759,152.0,136.0,0.37018836,137.0,187.0,0.89188206,176.0,151.0,0.7220567,163.0,198.0,0.6247805,59.0,82.0,0.53730553,52.0,100.0,0.38408816,46.0,95.0,0.44326988,35.0,123.0,0.3225394,18.0,126.0,0.29081327,12.0,144.0,0.6016961,2,dog
dog\guy2_dog060.jpg,142.0,156.0,0.4252254,144.0,152.0,0.5891221,142.0,157.0,0.506852,141.0,146.0,0.38406533,135.0,155.0,0.4574557,130.0,128.0,0.4006189,114.0,156.0,0.4496057,151.0,133.0,0.1894724,137.0,186.0,0.84196216,174.0,148.0,0.532459,164.0,198.0,0.7427313,60.0,84.0,0.5953131,49.0,95.0,0.38644117,50.0,103.0,0.17174867,38.0,118.0,0.19728711,24.0,129.0,0.17188883,16.0,142.0,0.3983583,2,dog
dog\guy2_dog063.jpg,140.0,157.0,0.46763802,146.0,154.0,0.5820315,142.0,160.0,0.6221918,143.0,144.0,0.4887993,136.0,157.0,0.5154659,136.0,126.0,0.5545941,114.0,156.0,0.72989976,158.0,135.0,0.35909307,138.0,185.0,0.85015845,179.0,150.0,0.5868817,165.0,198.0,0.8262116,58.0,79.0,0.73321533,49.0,93.0,0.53924406,48.0,90.0,0.362839,36.0,119.0,0.29561955,22.0,116.0,0.23680669,16.0,138.0,0.5821621,2,dog
dog\guy2_dog065.jpg,144.0,157.0,0.44161293,147.0,155.0,0.4855274,145.0,160.0,0.6402147,145.0,146.0,0.50014997,139.0,160.0,0.4828018,138.0,125.0,0.64050746,120.0,160.0,0.6545355,160.0,134.0,0.62181926,141.0,189.0,0.68947375,184.0,153.0,0.7362787,167.0,201.0,0.83011544,62.0,77.0,0.8142781,60.0,100.0,0.4256542,54.0,83.0,0.5387678,44.0,116.0,0.26516974,25.0,119.0,0.29142806,19.0,137.0,0.6117663,2,dog
dog\guy2_dog066.jpg,148.0,158.0,0.4683852,152.0,154.0,0.5100521,149.0,160.0,0.52865463,149.0,146.0,0.51408845,141.0,159.0,0.546461,139.0,125.0,0.64733446,122.0,159.0,0.57325083,161.0,134.0,0.6440104,144.0,189.0,0.78109944,186.0,154.0,0.6711107,169.0,202.0,0.74040675,65.0,75.0,0.73652357,57.0,93.0,0.46687734,54.0,87.0,0.38239264,42.0,114.0,0.24767804,26.0,121.0,0.3737116,18.0,135.0,0.75200117,2,dog
dog\guy2_dog067.jpg,148.0,157.0,0.36027634,153.0,153.0,0.46305227,149.0,159.0,0.33799148,150.0,146.0,0.39091736,144.0,157.0,0.4020006,139.0,126.0,0.5758258,122.0,157.0,0.5658042,162.0,135.0,0.3019355,144.0,190.0,0.7697548,187.0,155.0,0.7428086,170.0,203.0,0.72588336,67.0,74.0,0.50922227,62.0,103.0,0.12441149,58.0,98.0,0.18350118,46.0,119.0,0.14974236,30.0,123.0,0.24341854,20.0,136.0,0.5684621,2,dog
dog\guy2_dog068.jpg,152.0,159.0,0.39237902,155.0,156.0,0.4645918,152.0,162.0,0.564181,152.0,147.0,0.5449683,146.0,161.0,0.5802271,145.0,127.0,0.76327395,124.0,160.0,0.7587516,166.0,138.0,0.50807047,147.0,192.0,0.7202444,192.0,159.0,0.66722184,175.0,206.0,0.6168325,70.0,72.0,0.7563429,62.0,87.0,0.5710132,58.0,82.0,0.3656193,45.0,112.0,0.2258119,29.0,121.0,0.38252974,21.0,133.0,0.5352911,2,dog
dog\guy2_dog072.jpg,166.0,164.0,0.3764096,171.0,161.0,0.404889,167.0,168.0,0.31101978,167.0,151.0,0.52826524,159.0,166.0,0.4249093,156.0,125.0,0.63925415,135.0,162.0,0.47417587,179.0,143.0,0.45075634,158.0,199.0,0.7051186,206.0,167.0,0.7335631,184.0,216.0,0.85559416,82.0,65.0,0.4245596,75.0,96.0,0.14759651,70.0,81.0,0.21741611,49.0,122.0,0.122471064,40.0,114.0,0.15132335,29.0,132.0,0.45553175,2,dog
dog\guy2_dog073.jpg,170.0,166.0,0.36907467,175.0,163.0,0.47725996,170.0,170.0,0.4697563,170.0,152.0,0.5124076,160.0,167.0,0.3660503,160.0,124.0,0.56902933,137.0,161.0,0.5056028,186.0,141.0,0.44395736,160.0,201.0,0.54223037,210.0,169.0,0.67302406,188.0,219.0,0.6599598,86.0,60.0,0.46911618,71.0,80.0,0.2163598,71.0,81.0,0.20677987,60.0,110.0,0.12319335,41.0,116.0,0.23078361,31.0,129.0,0.383957,2,dog
dog\guy2_dog077.jpg,184.0,170.0,0.42456925,188.0,167.0,0.5469263,184.0,173.0,0.44722962,185.0,156.0,0.5550439,174.0,167.0,0.46855545,179.0,124.0,0.7064097,150.0,160.0,0.47686142,204.0,147.0,0.34837788,171.0,204.0,0.6943227,230.0,177.0,0.6502166,202.0,228.0,0.7358338,97.0,48.0,0.51676416,80.0,67.0,0.26163954,96.0,50.0,0.25659993,67.0,102.0,0.32086977,53.0,113.0,0.30940866,42.0,125.0,0.42314127,2,dog
dog\guy2_dog080.jpg,188.0,171.0,0.42767823,193.0,169.0,0.40176415,189.0,173.0,0.55424,193.0,156.0,0.47426426,183.0,164.0,0.5125977,189.0,124.0,0.67340714,158.0,157.0,0.4154297,215.0,150.0,0.6473911,178.0,204.0,0.5593507,242.0,182.0,0.7434744,210.0,234.0,0.6886547,106.0,37.0,0.49723288,99.0,49.0,0.30396113,105.0,41.0,0.2494978,77.0,98.0,0.17147362,61.0,104.0,0.37296915,47.0,120.0,0.26378042,2,dog
dog\guy2_dog089.jpg,187.0,177.0,0.38959128,194.0,176.0,0.43753347,186.0,180.0,0.5537404,193.0,158.0,0.40588823,171.0,170.0,0.53552,193.0,125.0,0.76211846,149.0,150.0,0.62877905,224.0,164.0,0.7965192,169.0,216.0,0.5313345,251.0,207.0,0.77411294,202.0,256.0,0.75345314,114.0,20.0,0.6175331,91.0,34.0,0.55119133,101.0,86.0,0.16975927,67.0,91.0,0.46180055,63.0,103.0,0.3580574,47.0,116.0,0.47652563,2,dog
dog\guy2_dog094.jpg,184.0,180.0,0.35569066,193.0,180.0,0.44807908,181.0,185.0,0.53835446,192.0,163.0,0.40401858,165.0,173.0,0.5487963,196.0,128.0,0.64570624,143.0,145.0,0.6224819,224.0,172.0,0.802781,162.0,217.0,0.8517332,250.0,218.0,0.84371245,195.0,263.0,0.7946171,117.0,16.0,0.72302985,87.0,32.0,0.5861522,103.0,82.0,0.2052814,71.0,87.0,0.5470891,71.0,113.0,0.5196006,52.0,120.0,0.8114257,2,dog
dog\guy2_dog095.jpg,183.0,181.0,0.3410971,192.0,183.0,0.39881557,179.0,186.0,0.36635816,191.0,164.0,0.442823,164.0,172.0,0.38054088,195.0,128.0,0.72118896,143.0,145.0,0.59495616,224.0,174.0,0.56459403,162.0,218.0,0.8302031,250.0,219.0,0.7501577,194.0,265.0,0.76447934,118.0,19.0,0.65128875,89.0,32.0,0.5873868,104.0,87.0,0.21444213,71.0,89.0,0.5445858,73.0,115.0,0.47101676,53.0,121.0,0.5887164,2,dog
dog\guy2_dog097.jpg,183.0,185.0,0.32897073,192.0,185.0,0.48554537,181.0,189.0,0.5391707,192.0,167.0,0.526627,165.0,175.0,0.5172911,196.0,133.0,0.6686489,143.0,147.0,0.76653326,224.0,178.0,0.8077799,158.0,219.0,0.7633016,250.0,224.0,0.675524,191.0,268.0,0.71900755,122.0,20.0,0.7294138,91.0,34.0,0.7216267,110.0,93.0,0.3121242,75.0,98.0,0.6133753,74.0,116.0,0.3894594,60.0,122.0,0.81560814,2,dog
dog\guy2_dog098.jpg,183.0,187.0,0.37760743,191.0,188.0,0.450106,179.0,191.0,0.39684546,191.0,170.0,0.47163293,165.0,177.0,0.4239922,196.0,134.0,0.71363777,143.0,151.0,0.7035885,224.0,179.0,0.6427296,156.0,220.0,0.7378788,250.0,226.0,0.792642,190.0,269.0,0.74808,124.0,21.0,0.7748236,92.0,34.0,0.7205659,112.0,96.0,0.32642218,77.0,98.0,0.65743273,75.0,119.0,0.41364467,61.0,123.0,0.7789229,2,dog
dog\guy2_dog102.jpg,189.0,185.0,0.34464452,197.0,188.0,0.4139298,186.0,192.0,0.53851765,197.0,170.0,0.41073406,170.0,179.0,0.5648845,201.0,132.0,0.67171806,145.0,149.0,0.71533936,225.0,184.0,0.7849944,151.0,219.0,0.7062235,246.0,233.0,0.66008073,181.0,272.0,0.69160616,126.0,21.0,0.76402205,96.0,34.0,0.733194,117.0,99.0,0.33833158,81.0,100.0,0.55503666,79.0,124.0,0.37160206,63.0,126.0,0.64393854,2,dog
dog\guy2_dog103.jpg,191.0,185.0,0.3697335,199.0,186.0,0.41886806,187.0,191.0,0.44782835,201.0,167.0,0.470853,170.0,179.0,0.5388674,202.0,132.0,0.6410898,144.0,146.0,0.68114114,225.0,183.0,0.7875705,148.0,217.0,0.69705135,245.0,232.0,0.62573135,177.0,271.0,0.63932216,125.0,22.0,0.79798174,95.0,34.0,0.7412581,118.0,98.0,0.358812,78.0,101.0,0.48148096,79.0,123.0,0.29702747,64.0,124.0,0.6301744,2,dog
dog\guy2_dog106.jpg,190.0,176.0,0.30705377,197.0,177.0,0.40734702,186.0,181.0,0.4083119,202.0,157.0,0.4703099,168.0,167.0,0.43700457,201.0,122.0,0.8588308,138.0,138.0,0.68426615,221.0,178.0,0.86403143,137.0,207.0,0.799585,237.0,230.0,0.85974264,164.0,264.0,0.8237709,125.0,15.0,0.8298688,89.0,29.0,0.80133706,117.0,95.0,0.50248605,79.0,98.0,0.77986264,78.0,121.0,0.35671407,62.0,117.0,0.6545319,2,dog
dog\guy2_dog113.jpg,167.0,133.0,0.2121737,176.0,133.0,0.30800784,163.0,136.0,0.3826568,183.0,114.0,0.4188761,147.0,119.0,0.49843794,184.0,80.0,0.6109806,106.0,91.0,0.6693053,193.0,140.0,0.86425424,98.0,164.0,0.8066138,202.0,201.0,0.73670566,113.0,225.0,0.7332779,115.0,5.0,0.3620819,70.0,11.0,0.3124845,101.0,72.0,0.1269769,65.0,75.0,0.42351305,56.0,97.0,0.39133525,51.0,97.0,0.39329636,2,dog
dog\guy2_dog114.jpg,157.0,122.0,0.2870559,168.0,123.0,0.3589675,157.0,128.0,0.2751877,173.0,104.0,0.39757818,143.0,110.0,0.5476076,178.0,66.0,0.67308474,103.0,86.0,0.63028085,188.0,133.0,0.7387695,93.0,158.0,0.8005159,196.0,195.0,0.8183278,104.0,219.0,0.7880508,102.0,5.0,0.38344958,68.0,10.0,0.23753572,77.0,71.0,0.2010766,61.0,76.0,0.4739099,52.0,96.0,0.27333438,50.0,95.0,0.43275043,2,dog
tree\girl1_tree086.jpg,141.0,28.0,0.61437434,147.0,24.0,0.81690544,137.0,24.0,0.7020714,156.0,32.0,0.71235025,133.0,30.0,0.86383116,167.0,61.0,0.787886,120.0,64.0,0.9560468,188.0,93.0,0.7410177,102.0,101.0,0.7733537,149.0,82.0,0.85435367,132.0,82.0,0.7337403,157.0,137.0,0.8667979,124.0,134.0,0.8505342,149.0,212.0,0.8354807,68.0,173.0,0.8265036,145.0,275.0,0.81744206,133.0,166.0,0.88677835,3,tree
tree\girl1_tree087.jpg,139.0,28.0,0.57571757,146.0,24.0,0.86610645,136.0,24.0,0.69896424,155.0,32.0,0.8116869,133.0,30.0,0.8772031,166.0,60.0,0.7830342,120.0,63.0,0.9455615,186.0,93.0,0.71438175,102.0,101.0,0.6932864,144.0,78.0,0.87831336,130.0,80.0,0.74663436,157.0,135.0,0.9068361,123.0,133.0,0.8247613,149.0,212.0,0.8855046,67.0,173.0,0.8604464,145.0,275.0,0.8182455,131.0,166.0,0.87296396,3,tree
tree\girl1_tree088.jpg,139.0,28.0,0.6170836,146.0,25.0,0.841151,136.0,24.0,0.70705235,155.0,33.0,0.7357757,133.0,31.0,0.86148834,165.0,60.0,0.9399748,119.0,63.0,0.9399663,183.0,91.0,0.81838214,103.0,100.0,0.6264437,141.0,75.0,0.8336539,130.0,76.0,0.6982798,154.0,137.0,0.8847516,123.0,133.0,0.83833593,149.0,212.0,0.82854974,67.0,173.0,0.8724483,144.0,275.0,0.7158084,131.0,166.0,0.86007464,3,tree
tree\girl1_tree089.jpg,139.0,28.0,0.5978358,145.0,24.0,0.8732944,135.0,24.0,0.70394045,154.0,32.0,0.78745204,132.0,30.0,0.8649163,164.0,60.0,0.93545276,119.0,63.0,0.9201333,179.0,91.0,0.90134484,103.0,100.0,0.7073577,140.0,74.0,0.79873955,131.0,75.0,0.59176886,154.0,137.0,0.9378288,123.0,135.0,0.938712,148.0,212.0,0.90766793,67.0,174.0,0.87906635,143.0,274.0,0.74680126,130.0,167.0,0.857901,3,tree
tree\girl1_tree090.jpg,137.0,29.0,0.6882545,144.0,25.0,0.8957759,134.0,24.0,0.8325245,154.0,33.0,0.8861548,131.0,30.0,0.65603864,164.0,60.0,0.83999354,118.0,64.0,0.79852045,178.0,91.0,0.91391397,102.0,101.0,0.7424564,138.0,73.0,0.7957193,129.0,75.0,0.56833017,154.0,136.0,0.8882501,122.0,134.0,0.8576704,147.0,213.0,0.73655695,65.0,174.0,0.9088608,143.0,276.0,0.8350513,129.0,167.0,0.83174473,3,tree
tree\girl1_tree094.jpg,135.0,30.0,0.6874385,141.0,27.0,0.8763235,132.0,26.0,0.77701473,152.0,33.0,0.794415,132.0,31.0,0.75220484,162.0,61.0,0.9110122,116.0,66.0,0.82053065,174.0,91.0,0.6989919,100.0,103.0,0.69852626,135.0,74.0,0.7834375,126.0,76.0,0.60417277,150.0,138.0,0.88453466,119.0,136.0,0.84234023,144.0,214.0,0.8378018,64.0,176.0,0.8979559,142.0,276.0,0.82124454,126.0,169.0,0.87486374,3,tree
tree\girl1_tree096.jpg,133.0,30.0,0.7039798,140.0,27.0,0.87254816,131.0,26.0,0.7953223,151.0,33.0,0.7962531,131.0,31.0,0.767041,160.0,62.0,0.9217881,117.0,65.0,0.836321,172.0,92.0,0.78361326,99.0,103.0,0.89846426,133.0,74.0,0.7996488,125.0,76.0,0.5956527,149.0,137.0,0.9081656,117.0,135.0,0.89138174,143.0,214.0,0.76729536,62.0,175.0,0.8870109,140.0,276.0,0.8677737,127.0,170.0,0.8469437,3,tree
tree\girl1_tree099.jpg,131.0,32.0,0.63923633,137.0,28.0,0.8692788,129.0,28.0,0.80096245,149.0,34.0,0.8197733,129.0,32.0,0.74253833,159.0,62.0,0.91677946,115.0,66.0,0.8551495,168.0,92.0,0.77817506,98.0,104.0,0.70330036,131.0,76.0,0.79038274,123.0,77.0,0.48195383,146.0,138.0,0.8875947,115.0,137.0,0.8659219,141.0,215.0,0.82789564,61.0,177.0,0.90237415,138.0,278.0,0.8262304,124.0,169.0,0.8672191,3,tree
tree\girl1_tree100.jpg,130.0,33.0,0.7434987,136.0,28.0,0.8715235,127.0,28.0,0.8330214,148.0,35.0,0.73079574,128.0,33.0,0.8141645,157.0,63.0,0.72683764,114.0,67.0,0.7563145,167.0,93.0,0.802317,96.0,104.0,0.8887897,129.0,77.0,0.78800446,116.0,81.0,0.38206625,146.0,139.0,0.943283,114.0,138.0,0.84878474,139.0,214.0,0.9201904,63.0,177.0,0.88079333,137.0,279.0,0.8270991,122.0,170.0,0.8811685,3,tree
tree\girl1_tree101.jpg,129.0,34.0,0.6007369,136.0,29.0,0.87240934,127.0,29.0,0.8656658,148.0,35.0,0.6270538,128.0,33.0,0.7002237,157.0,64.0,0.85497993,115.0,68.0,0.63258606,166.0,94.0,0.7206269,97.0,105.0,0.8715973,129.0,77.0,0.7848049,118.0,81.0,0.36386877,145.0,140.0,0.8820854,114.0,139.0,0.7840011,139.0,215.0,0.83865845,63.0,177.0,0.84967947,135.0,278.0,0.6816687,121.0,170.0,0.8479047,3,tree
tree\girl1_tree102.jpg,129.0,34.0,0.6100677,135.0,29.0,0.86715317,126.0,30.0,0.8687519,147.0,35.0,0.74832404,128.0,33.0,0.7286546,156.0,63.0,0.85573924,115.0,67.0,0.7464718,165.0,94.0,0.6744739,97.0,104.0,0.7228318,129.0,77.0,0.7731848,120.0,79.0,0.38114348,145.0,139.0,0.92004216,114.0,139.0,0.87449443,138.0,215.0,0.7087965,62.0,177.0,0.8891012,135.0,278.0,0.78926134,121.0,171.0,0.8571054,3,tree
tree\girl1_tree106.jpg,126.0,37.0,0.775437,132.0,32.0,0.8816183,124.0,32.0,0.869705,145.0,37.0,0.8720846,126.0,35.0,0.72347355,154.0,66.0,0.9027599,114.0,69.0,0.80215895,160.0,94.0,0.8446704,94.0,108.0,0.6983764,125.0,79.0,0.72683775,114.0,83.0,0.4560575,141.0,140.0,0.8236044,111.0,139.0,0.91319966,136.0,215.0,0.75515616,60.0,176.0,0.8778175,132.0,278.0,0.80362284,118.0,172.0,0.86149967,3,tree
tree\girl1_tree108.jpg,125.0,39.0,0.8280055,131.0,34.0,0.8053311,123.0,34.0,0.85225075,144.0,39.0,0.88211215,125.0,37.0,0.7116738,153.0,67.0,0.8940869,114.0,70.0,0.8465907,159.0,95.0,0.85158694,94.0,109.0,0.70503914,123.0,80.0,0.76092863,113.0,83.0,0.4427301,141.0,141.0,0.9447638,111.0,140.0,0.9012906,135.0,215.0,0.7699847,61.0,176.0,0.84430975,132.0,278.0,0.82762384,117.0,172.0,0.8603853,3,tree
tree\girl1_tree114.jpg,122.0,43.0,0.7463839,129.0,38.0,0.7356823,120.0,38.0,0.6069882,141.0,43.0,0.66363686,123.0,41.0,0.7781838,151.0,70.0,0.87560165,114.0,71.0,0.80919254,152.0,94.0,0.7889727,91.0,107.0,0.8318508,121.0,78.0,0.77145576,114.0,80.0,0.59044516,139.0,144.0,0.90582097,110.0,142.0,0.8730077,131.0,217.0,0.8593309,61.0,179.0,0.9233885,130.0,278.0,0.5998543,117.0,176.0,0.8720113,3,tree
tree\girl1_tree115.jpg,122.0,43.0,0.73175424,128.0,38.0,0.7487922,120.0,39.0,0.6008229,141.0,43.0,0.6683621,124.0,41.0,0.52965575,152.0,70.0,0.8942151,113.0,72.0,0.8204472,148.0,91.0,0.78395486,90.0,104.0,0.830207,119.0,76.0,0.76804435,114.0,77.0,0.59303015,139.0,143.0,0.94610894,109.0,143.0,0.8969939,131.0,217.0,0.95453024,63.0,180.0,0.8623636,129.0,280.0,0.84638417,116.0,175.0,0.8882513,3,tree
tree\girl1_tree118.jpg,121.0,45.0,0.7690336,127.0,41.0,0.9182605,121.0,41.0,0.86596155,140.0,47.0,0.58728737,123.0,44.0,0.6606033,152.0,71.0,0.66702294,111.0,73.0,0.82269543,143.0,79.0,0.48432326,88.0,96.0,0.8918021,116.0,66.0,0.48797673,112.0,66.0,0.61779195,140.0,145.0,0.8628546,112.0,144.0,0.9311938,131.0,216.0,0.8251715,64.0,179.0,0.8602079,129.0,279.0,0.9026967,117.0,174.0,0.81987166,3,tree
tree\girl1_tree119.jpg,122.0,46.0,0.72863674,129.0,43.0,0.8875232,120.0,41.0,0.87020993,140.0,49.0,0.82926345,121.0,46.0,0.66984993,152.0,72.0,0.80644023,111.0,73.0,0.7742022,142.0,76.0,0.5776882,88.0,93.0,0.79751354,117.0,63.0,0.67044073,113.0,64.0,0.6137813,140.0,146.0,0.716573,112.0,144.0,0.7667222,132.0,216.0,0.75226897,65.0,181.0,0.88299984,130.0,280.0,0.88455087,117.0,175.0,0.8621844,3,tree
tree\girl1_tree121.jpg,124.0,47.0,0.6376736,129.0,44.0,0.7821264,121.0,44.0,0.6478582,140.0,51.0,0.8058746,121.0,48.0,0.6450553,150.0,72.0,0.7192027,115.0,75.0,0.8329457,134.0,69.0,0.31439406,88.0,84.0,0.6681458,115.0,54.0,0.6684406,110.0,56.0,0.5635843,138.0,145.0,0.85704106,111.0,144.0,0.8687124,131.0,216.0,0.7922808,65.0,179.0,0.86080456,129.0,279.0,0.88652736,117.0,176.0,0.84784234,3,tree
tree\girl1_tree122.jpg,125.0,49.0,0.6226179,131.0,45.0,0.5644986,123.0,44.0,0.7662077,142.0,52.0,0.80492705,122.0,49.0,0.57542884,150.0,72.0,0.65857357,117.0,76.0,0.81344616,132.0,66.0,0.43657714,88.0,80.0,0.8514415,115.0,49.0,0.7308457,111.0,51.0,0.6106902,139.0,146.0,0.87428933,113.0,145.0,0.91500914,131.0,216.0,0.8786849,68.0,180.0,0.8541646,129.0,279.0,0.8690814,117.0,176.0,0.8078293,3,tree
tree\girl1_tree124.jpg,125.0,54.0,0.6508275,130.0,50.0,0.5781419,123.0,49.0,0.55522853,140.0,55.0,0.7954068,124.0,51.0,0.56877077,149.0,72.0,0.74352115,120.0,75.0,0.9062085,132.0,63.0,0.645872,90.0,73.0,0.9210915,116.0,42.0,0.79601824,112.0,43.0,0.5663524,140.0,148.0,0.8574468,116.0,147.0,0.847521,131.0,217.0,0.8674194,71.0,181.0,0.7664337,130.0,280.0,0.9505267,118.0,177.0,0.7419536,3,tree
tree\girl1_tree125.jpg,122.0,57.0,0.5154641,127.0,52.0,0.50913036,122.0,50.0,0.70003796,139.0,56.0,0.7505871,125.0,52.0,0.60028064,148.0,72.0,0.76121414,121.0,75.0,0.775362,131.0,61.0,0.46900448,90.0,70.0,0.87893295,115.0,41.0,0.86506635,113.0,41.0,0.4857768,138.0,149.0,0.8567351,117.0,148.0,0.9216195,131.0,218.0,0.77410424,72.0,182.0,0.8107084,129.0,280.0,0.9479786,118.0,178.0,0.77890265,3,tree
tree\girl1_tree126.jpg,125.0,59.0,0.59437364,129.0,54.0,0.52846915,124.0,52.0,0.58971363,141.0,57.0,0.7103677,125.0,52.0,0.7253811,149.0,73.0,0.8559934,121.0,75.0,0.85694206,131.0,59.0,0.5405143,91.0,67.0,0.8930232,116.0,39.0,0.8914758,112.0,39.0,0.5702942,139.0,150.0,0.89544344,115.0,149.0,0.8887516,131.0,219.0,0.81160873,72.0,181.0,0.8316883,130.0,281.0,0.942551,119.0,178.0,0.7894461,3,tree
tree\girl1_tree127.jpg,122.0,60.0,0.5344177,128.0,54.0,0.50474364,123.0,52.0,0.77616775,140.0,58.0,0.6502658,127.0,53.0,0.6246146,150.0,74.0,0.8672141,121.0,76.0,0.7604505,131.0,57.0,0.56364983,91.0,64.0,0.9328248,116.0,37.0,0.8322015,113.0,37.0,0.6166354,139.0,151.0,0.877934,117.0,150.0,0.9452799,131.0,219.0,0.78388953,73.0,182.0,0.8061638,130.0,281.0,0.9435688,120.0,179.0,0.8461982,3,tree
tree\girl1_tree128.jpg,125.0,56.0,0.53054506,130.0,51.0,0.39262924,124.0,51.0,0.7246643,142.0,57.0,0.64506656,128.0,56.0,0.560348,150.0,76.0,0.81059486,122.0,78.0,0.8646777,135.0,56.0,0.6162357,93.0,61.0,0.93986994,119.0,33.0,0.68974376,114.0,34.0,0.56812096,138.0,150.0,0.9132431,116.0,150.0,0.8851454,132.0,217.0,0.80902505,74.0,182.0,0.8498429,131.0,279.0,0.8245833,119.0,176.0,0.8248478,3,tree
tree\girl1_tree132.jpg,126.0,58.0,0.7822907,131.0,53.0,0.71613246,125.0,53.0,0.84850967,144.0,56.0,0.78459907,131.0,55.0,0.6975391,151.0,78.0,0.6450578,123.0,78.0,0.8358245,143.0,39.0,0.68135,101.0,51.0,0.89844537,128.0,21.0,0.8227687,122.0,22.0,0.7202647,140.0,150.0,0.9139717,118.0,149.0,0.88846076,134.0,218.0,0.68850935,79.0,182.0,0.75054044,132.0,278.0,0.72702354,122.0,179.0,0.84780407,3,tree
tree\girl1_tree133.jpg,127.0,58.0,0.7796161,132.0,53.0,0.7461194,125.0,53.0,0.7140851,145.0,56.0,0.7178021,131.0,56.0,0.6023239,151.0,78.0,0.83262324,125.0,79.0,0.82058144,143.0,36.0,0.74580324,106.0,48.0,0.8248631,130.0,20.0,0.7877956,123.0,20.0,0.8249204,141.0,150.0,0.8803684,119.0,149.0,0.87939674,133.0,216.0,0.83791494,79.0,183.0,0.8780772,133.0,277.0,0.8447684,122.0,178.0,0.76945347,3,tree
tree\girl1_tree134.jpg,127.0,59.0,0.7285947,133.0,55.0,0.8584607,126.0,54.0,0.76076615,145.0,58.0,0.85565495,132.0,57.0,0.65610504,151.0,78.0,0.7872716,126.0,79.0,0.7909645,144.0,36.0,0.7988652,110.0,48.0,0.9392117,131.0,20.0,0.63919336,125.0,19.0,0.80023015,141.0,150.0,0.7737348,121.0,150.0,0.841539,134.0,216.0,0.91211224,80.0,182.0,0.8368063,133.0,278.0,0.81493175,123.0,180.0,0.85932356,3,tree
tree\girl1_tree137.jpg,131.0,61.0,0.6757504,136.0,57.0,0.80082256,130.0,57.0,0.653224,149.0,60.0,0.8071066,135.0,60.0,0.7031921,154.0,81.0,0.6383767,132.0,82.0,0.8261181,147.0,38.0,0.77044916,120.0,46.0,0.9384444,141.0,23.0,0.615057,131.0,19.0,0.57214695,143.0,151.0,0.7969684,125.0,150.0,0.89128685,136.0,217.0,0.8212821,87.0,182.0,0.77714354,136.0,276.0,0.88515615,125.0,179.0,0.7611717,3,tree
tree\girl1_tree139.jpg,131.0,63.0,0.655406,137.0,58.0,0.7424482,131.0,58.0,0.705956,149.0,61.0,0.7483464,135.0,61.0,0.75294554,154.0,81.0,0.8703592,133.0,83.0,0.7530507,149.0,41.0,0.71302044,126.0,45.0,0.87971354,144.0,24.0,0.5575713,135.0,23.0,0.50130475,146.0,151.0,0.9206989,127.0,151.0,0.94349146,138.0,218.0,0.6201589,90.0,183.0,0.7390205,137.0,278.0,0.8475368,128.0,180.0,0.8031882,3,tree
tree\girl1_tree140.jpg,134.0,63.0,0.6054008,138.0,59.0,0.64814645,134.0,58.0,0.6082581,152.0,61.0,0.77416414,139.0,61.0,0.7131765,155.0,80.0,0.8527793,132.0,81.0,0.75099677,150.0,41.0,0.58807284,128.0,46.0,0.85797656,144.0,23.0,0.64546585,136.0,22.0,0.427047,145.0,150.0,0.92962235,126.0,151.0,0.9413313,138.0,217.0,0.9334104,90.0,183.0,0.8131198,138.0,276.0,0.84516305,128.0,181.0,0.7799169,3,tree
tree\girl1_tree142.jpg,136.0,64.0,0.6124019,141.0,59.0,0.5555271,135.0,60.0,0.70563614,153.0,63.0,0.7581303,140.0,63.0,0.5065117,157.0,81.0,0.86170197,134.0,83.0,0.73358095,151.0,44.0,0.6070337,131.0,48.0,0.8369411,145.0,25.0,0.6086559,137.0,21.0,0.3349058,147.0,151.0,0.93371415,128.0,152.0,0.9394375,140.0,217.0,0.93818104,92.0,184.0,0.8116587,140.0,276.0,0.8288859,130.0,181.0,0.748038,3,tree
tree\girl1_tree145.jpg,138.0,67.0,0.575698,142.0,63.0,0.8013413,136.0,63.0,0.48704007,155.0,65.0,0.81120396,140.0,65.0,0.7053153,159.0,84.0,0.8287069,137.0,86.0,0.6876302,153.0,46.0,0.5644348,135.0,48.0,0.7594328,149.0,30.0,0.6059572,142.0,29.0,0.46865076,149.0,153.0,0.78799635,131.0,153.0,0.8792138,142.0,218.0,0.80435294,98.0,184.0,0.7256441,143.0,275.0,0.85839206,133.0,181.0,0.73647183,3,tree
tree\girl2_tree085.jpg,126.0,36.0,0.2266613,118.0,31.0,0.18384752,128.0,31.0,0.25429255,107.0,36.0,0.45380986,130.0,35.0,0.58878887,98.0,67.0,0.7779857,138.0,66.0,0.6795696,87.0,97.0,0.596567,158.0,99.0,0.7317561,102.0,77.0,0.24996963,158.0,76.0,0.46942425,108.0,138.0,0.62256545,138.0,134.0,0.54474235,118.0,202.0,0.8301828,192.0,165.0,0.86464226,123.0,265.0,0.35750276,133.0,162.0,0.38292426,3,tree
tree\girl2_tree086.jpg,125.0,38.0,0.27074718,119.0,32.0,0.19136342,127.0,31.0,0.43752226,106.0,37.0,0.59513485,127.0,36.0,0.6688481,98.0,68.0,0.79690367,136.0,66.0,0.62693495,88.0,97.0,0.6923962,156.0,99.0,0.6612067,103.0,76.0,0.18388128,155.0,74.0,0.48277262,107.0,138.0,0.54421383,135.0,133.0,0.55909616,117.0,202.0,0.773076,191.0,166.0,0.86686563,121.0,264.0,0.2309289,129.0,161.0,0.4155292,3,tree
tree\girl2_tree091.jpg,123.0,40.0,0.38468403,117.0,35.0,0.1616691,122.0,35.0,0.4711952,100.0,38.0,0.35691613,116.0,37.0,0.43300918,92.0,70.0,0.7001103,126.0,66.0,0.67035085,94.0,99.0,0.7217504,146.0,100.0,0.67826307,117.0,75.0,0.10450363,147.0,72.0,0.7107874,99.0,137.0,0.69990385,125.0,132.0,0.6871245,111.0,200.0,0.8533167,181.0,167.0,0.7974787,114.0,262.0,0.34808886,118.0,164.0,0.5951447,3,tree
tree\girl2_tree092.jpg,122.0,40.0,0.37892184,115.0,36.0,0.1969325,121.0,35.0,0.4616457,99.0,39.0,0.3920731,115.0,38.0,0.42587727,91.0,70.0,0.6840968,124.0,67.0,0.63599855,94.0,99.0,0.725469,144.0,101.0,0.67911905,125.0,75.0,0.17177534,146.0,73.0,0.7029892,99.0,135.0,0.7338407,124.0,132.0,0.69012904,110.0,201.0,0.83887804,180.0,167.0,0.66511375,112.0,262.0,0.36691713,117.0,164.0,0.58009344,3,tree
tree\girl2_tree094.jpg,119.0,42.0,0.46724886,113.0,38.0,0.3583641,119.0,38.0,0.5615777,99.0,40.0,0.5801239,115.0,39.0,0.67850614,88.0,73.0,0.78629386,121.0,68.0,0.768639,98.0,102.0,0.5783527,143.0,102.0,0.75066805,126.0,75.0,0.30895752,144.0,75.0,0.7201392,98.0,136.0,0.8449748,121.0,134.0,0.73496956,108.0,203.0,0.8864857,177.0,167.0,0.85084975,112.0,262.0,0.6773912,113.0,166.0,0.60842735,3,tree
tree\girl2_tree095.jpg,120.0,43.0,0.3523366,113.0,39.0,0.22227407,117.0,40.0,0.48162305,97.0,43.0,0.45806262,113.0,41.0,0.5384052,88.0,74.0,0.85666436,119.0,68.0,0.7166804,96.0,101.0,0.3236663,140.0,102.0,0.5069506,126.0,75.0,0.14791411,143.0,74.0,0.67607546,97.0,136.0,0.6813473,120.0,132.0,0.66771597,107.0,200.0,0.84416926,174.0,167.0,0.7997291,111.0,257.0,0.146842,112.0,164.0,0.5564229,3,tree
tree\girl2_tree096.jpg,119.0,45.0,0.45472768,114.0,40.0,0.19286767,117.0,41.0,0.4464652,98.0,43.0,0.31135675,113.0,43.0,0.5861544,88.0,74.0,0.6205789,119.0,69.0,0.7351887,100.0,100.0,0.27399313,141.0,103.0,0.5379982,130.0,75.0,0.17424786,144.0,75.0,0.6729218,97.0,136.0,0.71554226,120.0,133.0,0.70397186,108.0,202.0,0.7658167,173.0,169.0,0.8111828,110.0,261.0,0.45960292,113.0,165.0,0.45390722,3,tree
tree\girl2_tree097.jpg,119.0,44.0,0.3217991,112.0,41.0,0.21377102,117.0,40.0,0.5480099,96.0,44.0,0.30535918,112.0,42.0,0.5596982,88.0,75.0,0.7246283,118.0,70.0,0.72484994,102.0,101.0,0.19398177,139.0,103.0,0.48621365,138.0,75.0,0.14161152,143.0,75.0,0.66527474,97.0,136.0,0.7113932,119.0,132.0,0.68148786,107.0,200.0,0.7569368,171.0,168.0,0.7951895,109.0,259.0,0.45280984,111.0,166.0,0.47147954,3,tree
tree\girl2_tree099.jpg,119.0,46.0,0.39045715,113.0,42.0,0.16833195,117.0,42.0,0.42618555,96.0,45.0,0.36117148,112.0,44.0,0.5684098,89.0,75.0,0.7708502,116.0,70.0,0.65540475,105.0,101.0,0.21054316,139.0,103.0,0.4424449,138.0,77.0,0.15264267,143.0,76.0,0.6744921,97.0,137.0,0.67726684,118.0,134.0,0.69772315,108.0,200.0,0.86798775,168.0,168.0,0.7473208,110.0,259.0,0.5289704,110.0,164.0,0.48225206,3,tree
tree\girl2_tree100.jpg,118.0,47.0,0.3775074,112.0,44.0,0.23515835,117.0,44.0,0.5152553,97.0,48.0,0.42410383,111.0,46.0,0.40552604,90.0,76.0,0.79165417,116.0,71.0,0.626858,106.0,104.0,0.1468885,137.0,104.0,0.46222782,138.0,77.0,0.17621836,142.0,77.0,0.71942055,98.0,138.0,0.66840386,118.0,134.0,0.66546315,109.0,200.0,0.72768295,166.0,168.0,0.48521295,111.0,261.0,0.40645102,108.0,165.0,0.46015745,3,tree
tree\girl2_tree101.jpg,118.0,48.0,0.43001568,112.0,45.0,0.2725829,116.0,44.0,0.52735585,96.0,48.0,0.36997283,111.0,46.0,0.48980823,91.0,76.0,0.8383757,116.0,71.0,0.61964417,108.0,102.0,0.15263546,137.0,104.0,0.5071963,139.0,79.0,0.19273964,142.0,79.0,0.7325742,98.0,138.0,0.5359797,118.0,135.0,0.6984221,110.0,200.0,0.73292625,165.0,169.0,0.6352323,112.0,261.0,0.53124774,109.0,166.0,0.47862267,3,tree
tree\girl2_tree102.jpg,119.0,50.0,0.28914058,112.0,47.0,0.24284086,117.0,46.0,0.46099994,97.0,50.0,0.3673967,112.0,48.0,0.47641984,93.0,77.0,0.7384387,116.0,72.0,0.63349736,112.0,102.0,0.11484152,138.0,106.0,0.3496748,139.0,81.0,0.23591295,143.0,81.0,0.5788167,99.0,140.0,0.6500722,119.0,136.0,0.63863075,111.0,200.0,0.73676974,165.0,169.0,0.6634112,113.0,258.0,0.2857287,111.0,165.0,0.44536254,3,tree
tree\girl2_tree103.jpg,120.0,48.0,0.40063846,114.0,45.0,0.27077162,118.0,45.0,0.5058976,98.0,50.0,0.36788988,112.0,48.0,0.5001559,94.0,77.0,0.6583958,116.0,71.0,0.4790824,110.0,105.0,0.15136132,137.0,106.0,0.549088,140.0,81.0,0.17892116,144.0,80.0,0.6572634,100.0,140.0,0.5465491,119.0,137.0,0.5766009,112.0,201.0,0.759953,165.0,170.0,0.77099407,113.0,262.0,0.6293012,109.0,166.0,0.5365459,3,tree
tree\girl2_tree104.jpg,120.0,49.0,0.43970203,116.0,45.0,0.31016845,119.0,46.0,0.50830007,101.0,49.0,0.3729381,112.0,48.0,0.45265678,96.0,77.0,0.68553025,116.0,72.0,0.63143134,115.0,105.0,0.14255717,137.0,106.0,0.5710851,141.0,81.0,0.20554703,144.0,81.0,0.74416065,102.0,140.0,0.66111386,119.0,138.0,0.69385964,114.0,201.0,0.81167394,165.0,170.0,0.7767823,115.0,262.0,0.66342497,109.0,168.0,0.5970186,3,tree
tree\girl2_tree105.jpg,121.0,49.0,0.3575892,115.0,46.0,0.23086631,120.0,46.0,0.32587397,101.0,49.0,0.32488,114.0,49.0,0.5013023,97.0,78.0,0.70722157,117.0,73.0,0.65608793,109.0,103.0,0.18640488,139.0,107.0,0.49319112,119.0,73.0,0.1848824,145.0,82.0,0.7011923,104.0,140.0,0.7223197,120.0,137.0,0.72497797,115.0,203.0,0.76458967,164.0,169.0,0.7216222,116.0,260.0,0.6071799,112.0,167.0,0.5055832,3,tree
tree\girl2_tree107.jpg,124.0,54.0,0.47300112,120.0,49.0,0.27462563,122.0,50.0,0.43584734,105.0,54.0,0.27012134,116.0,53.0,0.51653945,100.0,79.0,0.57273656,120.0,75.0,0.55392444,116.0,104.0,0.11593783,141.0,108.0,0.4774511,140.0,83.0,0.1174376,148.0,84.0,0.6450711,109.0,140.0,0.6596575,123.0,138.0,0.6940886,118.0,201.0,0.78877795,165.0,170.0,0.78135395,120.0,260.0,0.69300586,115.0,167.0,0.53087735,3,tree
tree\girl2_tree108.jpg,127.0,56.0,0.45052987,123.0,52.0,0.33219543,125.0,52.0,0.574406,108.0,56.0,0.3486126,119.0,54.0,0.5563853,105.0,81.0,0.67069453,122.0,76.0,0.5523435,112.0,107.0,0.20026842,142.0,109.0,0.61235607,145.0,84.0,0.17471284,149.0,85.0,0.67794144,109.0,141.0,0.54069936,124.0,139.0,0.7150036,120.0,201.0,0.81045187,166.0,170.0,0.86025345,121.0,257.0,0.5549649,115.0,167.0,0.4904179,3,tree
tree\girl2_tree109.jpg,129.0,55.0,0.408049,124.0,52.0,0.25754815,127.0,52.0,0.47266614,109.0,57.0,0.32522646,121.0,55.0,0.45268834,107.0,81.0,0.6471047,124.0,77.0,0.4910854,141.0,107.0,0.32569206,143.0,109.0,0.4470153,148.0,85.0,0.20636421,151.0,85.0,0.67303437,112.0,142.0,0.61366594,125.0,139.0,0.67185974,123.0,200.0,0.74628216,167.0,170.0,0.54630595,125.0,258.0,0.43745154,117.0,168.0,0.48950928,3,tree
tree\girl2_tree110.jpg,134.0,58.0,0.39874804,130.0,55.0,0.25698063,132.0,55.0,0.47228983,114.0,57.0,0.25666988,124.0,56.0,0.48640734,110.0,82.0,0.47499546,125.0,79.0,0.5263269,143.0,107.0,0.3462633,145.0,109.0,0.49615476,151.0,85.0,0.23259917,153.0,86.0,0.63434637,115.0,141.0,0.57958335,127.0,139.0,0.6625963,125.0,200.0,0.7646829,167.0,171.0,0.75114864,125.0,253.0,0.20256132,119.0,168.0,0.45260215,3,tree
tree\girl2_tree111.jpg,133.0,59.0,0.45663854,129.0,55.0,0.28917247,132.0,55.0,0.41017836,113.0,58.0,0.2601924,124.0,57.0,0.479418,111.0,83.0,0.72810423,126.0,79.0,0.61781275,128.0,106.0,0.118956566,146.0,111.0,0.58578914,149.0,83.0,0.14097282,155.0,85.0,0.4530384,117.0,141.0,0.663911,130.0,139.0,0.69757724,127.0,200.0,0.70502186,169.0,171.0,0.72320616,129.0,256.0,0.4997772,122.0,168.0,0.45542485,3,tree
tree\girl2_tree116.jpg,139.0,65.0,0.3748213,135.0,61.0,0.36319488,138.0,61.0,0.39451116,123.0,65.0,0.2908815,130.0,63.0,0.5094668,122.0,86.0,0.6440433,131.0,85.0,0.63515174,146.0,99.0,0.15418479,158.0,106.0,0.49997473,153.0,79.0,0.431534,155.0,79.0,0.40503103,125.0,144.0,0.69414055,136.0,142.0,0.69336784,136.0,200.0,0.67145646,171.0,173.0,0.7653589,136.0,252.0,0.41507933,130.0,169.0,0.48484918,3,tree
tree\girl2_tree117.jpg,140.0,60.0,0.3192399,135.0,57.0,0.2437191,138.0,57.0,0.45315462,120.0,61.0,0.34753874,131.0,60.0,0.38124466,120.0,85.0,0.58553106,131.0,85.0,0.51172197,156.0,102.0,0.22086161,159.0,104.0,0.5754853,152.0,78.0,0.36280224,155.0,77.0,0.45490336,126.0,144.0,0.5344388,137.0,141.0,0.49713495,137.0,199.0,0.7033727,171.0,172.0,0.5385239,137.0,250.0,0.23950759,128.0,169.0,0.5006676,3,tree
tree\girl2_tree120.jpg,140.0,62.0,0.52722955,137.0,59.0,0.4391476,138.0,59.0,0.6379077,126.0,61.0,0.54374176,130.0,61.0,0.6615885,120.0,86.0,0.73098135,134.0,82.0,0.6060471,133.0,108.0,0.17023939,162.0,97.0,0.6979092,144.0,86.0,0.16918018,151.0,75.0,0.5941514,130.0,144.0,0.80423844,136.0,143.0,0.7009338,137.0,201.0,0.8744215,171.0,174.0,0.86129016,138.0,257.0,0.7895539,129.0,171.0,0.5482585,3,tree
tree\girl2_tree121.jpg,141.0,61.0,0.45423844,137.0,58.0,0.42473257,138.0,59.0,0.56136817,124.0,63.0,0.31282687,131.0,61.0,0.6129085,123.0,87.0,0.6410557,132.0,85.0,0.48782927,139.0,106.0,0.10903829,162.0,94.0,0.5618106,152.0,78.0,0.17205009,153.0,76.0,0.21765146,130.0,145.0,0.71043843,137.0,144.0,0.62329215,138.0,202.0,0.7893125,169.0,175.0,0.8152234,139.0,257.0,0.6251844,129.0,171.0,0.5384603,3,tree
tree\girl2_tree123.jpg,139.0,65.0,0.46986645,135.0,61.0,0.5649055,136.0,61.0,0.67424977,127.0,64.0,0.5877772,130.0,63.0,0.644177,122.0,87.0,0.8206575,130.0,83.0,0.6809675,131.0,92.0,0.1707178,162.0,88.0,0.75347555,149.0,79.0,0.19868991,150.0,72.0,0.53955567,130.0,146.0,0.8139652,138.0,145.0,0.73140407,139.0,203.0,0.84956187,168.0,176.0,0.8875104,138.0,258.0,0.64162755,127.0,172.0,0.7003963,3,tree
tree\girl2_tree124.jpg,137.0,63.0,0.49064478,133.0,60.0,0.38153806,134.0,61.0,0.56796193,122.0,63.0,0.30031705,129.0,63.0,0.6202271,122.0,88.0,0.5612697,131.0,86.0,0.66372937,145.0,86.0,0.15963346,162.0,85.0,0.5948447,150.0,69.0,0.2948938,152.0,71.0,0.16523936,131.0,148.0,0.61042714,138.0,145.0,0.6574593,139.0,204.0,0.81332016,167.0,177.0,0.722401,138.0,258.0,0.47130126,127.0,173.0,0.59237194,3,tree
tree\girl2_tree125.jpg,137.0,65.0,0.3484484,134.0,61.0,0.395055,135.0,61.0,0.6000458,124.0,65.0,0.36217296,128.0,64.0,0.64682794,122.0,87.0,0.45278606,129.0,85.0,0.6196352,145.0,84.0,0.19459897,161.0,83.0,0.56757236,155.0,76.0,0.3567157,158.0,78.0,0.25553244,130.0,148.0,0.69281137,137.0,146.0,0.73257697,138.0,205.0,0.75144017,165.0,178.0,0.66457796,138.0,258.0,0.462617,124.0,174.0,0.5109014,3,tree
tree\girl2_tree126.jpg,138.0,65.0,0.42226145,134.0,62.0,0.30712026,135.0,62.0,0.33946174,124.0,64.0,0.24680257,127.0,64.0,0.5916083,121.0,87.0,0.6908188,128.0,84.0,0.47750553,129.0,91.0,0.14714614,155.0,83.0,0.47655776,154.0,80.0,0.20378816,161.0,78.0,0.4304072,129.0,148.0,0.607507,137.0,146.0,0.63500875,138.0,204.0,0.8018458,164.0,180.0,0.66424584,137.0,258.0,0.6530044,124.0,173.0,0.5079224,3,tree
tree\girl2_tree128.jpg,136.0,66.0,0.42974308,132.0,62.0,0.39444917,133.0,62.0,0.42897603,122.0,66.0,0.28940144,123.0,65.0,0.46993366,122.0,89.0,0.65913594,125.0,83.0,0.61149746,140.0,103.0,0.14559224,152.0,76.0,0.46660888,159.0,85.0,0.2538811,159.0,79.0,0.31503874,129.0,150.0,0.62169015,134.0,147.0,0.71547276,137.0,206.0,0.76234293,160.0,183.0,0.48499772,136.0,260.0,0.64849156,122.0,175.0,0.5373242,3,tree
tree\girl2_tree133.jpg,130.0,66.0,0.4170888,127.0,63.0,0.62271446,127.0,63.0,0.5839825,120.0,68.0,0.36757654,118.0,68.0,0.42855304,123.0,87.0,0.63013726,119.0,87.0,0.71174103,140.0,61.0,0.30094355,138.0,60.0,0.6251134,164.0,64.0,0.48975492,165.0,62.0,0.36587197,128.0,153.0,0.7904707,130.0,151.0,0.70673215,134.0,208.0,0.76785743,155.0,188.0,0.66632795,133.0,263.0,0.64761627,119.0,178.0,0.61533916,3,tree
tree\girl2_tree134.jpg,129.0,69.0,0.37990516,127.0,66.0,0.5845231,125.0,67.0,0.4837837,121.0,70.0,0.31335464,118.0,71.0,0.42434174,122.0,90.0,0.7470492,118.0,90.0,0.674094,136.0,61.0,0.287337,135.0,61.0,0.53865904,160.0,59.0,0.47836328,162.0,57.0,0.32219326,127.0,153.0,0.79522604,129.0,151.0,0.7518746,134.0,208.0,0.5853824,153.0,189.0,0.6160301,133.0,263.0,0.5462708,119.0,179.0,0.5798597,3,tree
tree\girl2_tree135.jpg,134.0,71.0,0.49129808,130.0,68.0,0.57076544,130.0,68.0,0.45054528,122.0,71.0,0.4757795,121.0,72.0,0.47543526,121.0,91.0,0.7346029,118.0,91.0,0.7926283,133.0,62.0,0.3754524,133.0,60.0,0.7877995,159.0,51.0,0.41861153,161.0,49.0,0.59320337,127.0,153.0,0.82722163,129.0,151.0,0.75682235,134.0,209.0,0.7411214,153.0,190.0,0.705095,133.0,265.0,0.54675424,120.0,180.0,0.68189895,3,tree
tree\girl2_tree136.jpg,133.0,71.0,0.37265176,130.0,68.0,0.6145059,130.0,68.0,0.43309197,122.0,71.0,0.43516812,119.0,72.0,0.46456695,123.0,92.0,0.74830174,118.0,92.0,0.6535591,131.0,60.0,0.33526433,132.0,59.0,0.7680759,155.0,45.0,0.24689177,157.0,44.0,0.6087818,128.0,153.0,0.83536875,129.0,152.0,0.81275177,134.0,210.0,0.8442651,152.0,191.0,0.65371585,133.0,265.0,0.4558304,120.0,181.0,0.6681503,3,tree
tree\girl2_tree137.jpg,135.0,71.0,0.53175104,131.0,68.0,0.5710872,131.0,68.0,0.5826476,122.0,71.0,0.52838117,120.0,73.0,0.6909803,124.0,93.0,0.7353982,118.0,95.0,0.7197627,130.0,60.0,0.29960245,129.0,58.0,0.49205714,148.0,41.0,0.18750945,147.0,41.0,0.34692597,129.0,154.0,0.8263867,129.0,153.0,0.80973834,135.0,212.0,0.86033297,152.0,191.0,0.6276481,133.0,266.0,0.47709307,120.0,181.0,0.65510184,3,tree
tree\girl2_tree139.jpg,137.0,72.0,0.42083457,134.0,70.0,0.62960064,134.0,69.0,0.41298813,124.0,73.0,0.53747064,124.0,73.0,0.427035,124.0,94.0,0.78394866,120.0,94.0,0.8371968,129.0,59.0,0.23157096,128.0,57.0,0.5467374,137.0,42.0,0.2592657,137.0,42.0,0.42118096,130.0,156.0,0.8473929,130.0,156.0,0.8492791,135.0,214.0,0.8311477,149.0,195.0,0.40022308,133.0,268.0,0.48178235,120.0,183.0,0.5344653,3,tree
tree\girl2_tree140.jpg,138.0,72.0,0.5213974,134.0,69.0,0.55882585,134.0,69.0,0.5622151,124.0,73.0,0.56905776,123.0,74.0,0.6127398,126.0,95.0,0.769053,121.0,95.0,0.8602754,130.0,61.0,0.21351627,130.0,58.0,0.4621442,136.0,44.0,0.3428083,136.0,45.0,0.47776416,131.0,157.0,0.8402449,131.0,156.0,0.8311385,137.0,214.0,0.78362805,150.0,195.0,0.4725943,134.0,268.0,0.5498585,121.0,183.0,0.6105709,3,tree
tree\girl2_tree141.jpg,140.0,73.0,0.5023867,136.0,70.0,0.58738816,136.0,70.0,0.6057585,126.0,74.0,0.6366635,125.0,74.0,0.5886161,128.0,95.0,0.75345856,123.0,95.0,0.86160994,132.0,61.0,0.20310107,131.0,57.0,0.71562946,138.0,45.0,0.35590076,137.0,45.0,0.44698948,133.0,157.0,0.84645295,133.0,156.0,0.8296467,138.0,215.0,0.76959836,149.0,199.0,0.34896323,135.0,268.0,0.51940215,123.0,183.0,0.6131142,3,tree
tree\girl2_tree144.jpg,146.0,74.0,0.4334005,142.0,72.0,0.5737989,142.0,71.0,0.46893293,133.0,76.0,0.68582463,132.0,75.0,0.6402358,133.0,97.0,0.74722385,129.0,97.0,0.7663832,137.0,70.0,0.16214505,136.0,60.0,0.5385684,140.0,51.0,0.16997588,142.0,47.0,0.59845096,138.0,159.0,0.8380151,136.0,159.0,0.8568044,144.0,215.0,0.48006248,148.0,210.0,0.3529441,139.0,270.0,0.31025523,139.0,270.0,0.50988996,3,tree
tree\girl2_tree145.jpg,148.0,74.0,0.43042177,144.0,72.0,0.53012586,144.0,71.0,0.49474362,135.0,75.0,0.5996428,133.0,75.0,0.52543044,135.0,97.0,0.5934363,131.0,97.0,0.769395,139.0,63.0,0.1804066,138.0,61.0,0.59276444,144.0,48.0,0.19645798,143.0,48.0,0.3069731,141.0,159.0,0.8018311,138.0,159.0,0.8397385,148.0,206.0,0.20064911,146.0,216.0,0.63470924,127.0,187.0,0.37456784,140.0,270.0,0.47601724,3,tree
tree\girl2_tree146.jpg,149.0,76.0,0.5143511,146.0,72.0,0.5654183,146.0,72.0,0.52378935,136.0,76.0,0.52837855,135.0,76.0,0.55001736,137.0,97.0,0.57906157,132.0,97.0,0.79097724,141.0,61.0,0.21218601,141.0,58.0,0.58892536,145.0,50.0,0.21451119,144.0,48.0,0.19365555,142.0,159.0,0.88263464,140.0,159.0,0.8003273,149.0,204.0,0.19913867,148.0,217.0,0.56637716,129.0,186.0,0.4765948,141.0,271.0,0.63423574,3,tree
tree\girl2_tree147.jpg,152.0,76.0,0.44286847,148.0,74.0,0.65004647,148.0,73.0,0.57788163,139.0,76.0,0.66370404,138.0,76.0,0.694436,139.0,98.0,0.68262315,135.0,98.0,0.8332998,143.0,61.0,0.33193576,142.0,59.0,0.5601926,149.0,46.0,0.23794043,148.0,46.0,0.34946847,144.0,159.0,0.7277788,142.0,160.0,0.8818907,150.0,202.0,0.19259709,149.0,217.0,0.7181205,130.0,187.0,0.57717645,142.0,271.0,0.8331485,3,tree
tree\girl2_tree148.jpg,155.0,77.0,0.518427,152.0,73.0,0.5168598,152.0,73.0,0.6242006,142.0,75.0,0.31937835,143.0,75.0,0.33257487,140.0,97.0,0.7231411,136.0,97.0,0.7487999,145.0,62.0,0.27686733,144.0,62.0,0.52686465,151.0,47.0,0.13323501,151.0,42.0,0.34776396,147.0,161.0,0.69081986,144.0,162.0,0.81632084,151.0,204.0,0.13657647,150.0,218.0,0.7057158,131.0,187.0,0.4868655,144.0,273.0,0.81952584,3,tree
tree\girl2_tree149.jpg,156.0,77.0,0.4417018,153.0,74.0,0.65745604,152.0,74.0,0.5679331,143.0,76.0,0.62839466,142.0,76.0,0.6202344,143.0,97.0,0.62441677,138.0,97.0,0.81521624,149.0,61.0,0.30785844,147.0,59.0,0.50731194,154.0,46.0,0.14960176,152.0,47.0,0.25084686,150.0,161.0,0.78828084,146.0,162.0,0.848223,152.0,207.0,0.13698542,153.0,220.0,0.6741158,133.0,188.0,0.5741882,145.0,273.0,0.7691964,3,tree
tree\girl2_tree150.jpg,159.0,75.0,0.49352998,155.0,73.0,0.5894359,155.0,72.0,0.5272814,146.0,76.0,0.58382654,144.0,76.0,0.5784091,145.0,98.0,0.608569,140.0,98.0,0.8029837,151.0,64.0,0.21331269,149.0,60.0,0.5760916,157.0,44.0,0.2382446,155.0,44.0,0.2893088,151.0,161.0,0.863585,148.0,163.0,0.85072863,155.0,208.0,0.18154278,153.0,220.0,0.7213417,134.0,189.0,0.5455697,146.0,274.0,0.78634953,3,tree
tree\girl2_tree151.jpg,161.0,76.0,0.49190587,158.0,73.0,0.6481709,157.0,73.0,0.6318146,147.0,75.0,0.51486975,147.0,76.0,0.5863583,146.0,98.0,0.59922254,142.0,97.0,0.7603213,153.0,63.0,0.31074166,151.0,61.0,0.546891,159.0,45.0,0.27412516,157.0,45.0,0.23171324,153.0,162.0,0.7567946,150.0,165.0,0.74944514,156.0,213.0,0.18892694,154.0,221.0,0.6409165,136.0,189.0,0.4914047,146.0,275.0,0.85344267,3,tree
tree\girl2_tree157.jpg,172.0,76.0,0.5327959,169.0,73.0,0.48744646,168.0,73.0,0.5833654,161.0,75.0,0.44136602,159.0,76.0,0.42682838,162.0,98.0,0.58730316,153.0,98.0,0.6619179,168.0,65.0,0.35746083,165.0,62.0,0.5200126,173.0,41.0,0.25022173,170.0,40.0,0.1713498,167.0,166.0,0.6765692,158.0,163.0,0.76907766,164.0,223.0,0.79018587,158.0,220.0,0.16812846,153.0,276.0,0.54492414,152.0,277.0,0.38313788,3,tree
tree\girl2_tree158.jpg,172.0,75.0,0.53438115,170.0,72.0,0.56780005,168.0,72.0,0.5486622,163.0,75.0,0.4461948,157.0,75.0,0.5591574,165.0,98.0,0.5954652,153.0,98.0,0.7642671,171.0,66.0,0.34396172,165.0,64.0,0.33944476,173.0,51.0,0.106274426,171.0,44.0,0.13413316,169.0,165.0,0.72839844,158.0,162.0,0.8396418,164.0,224.0,0.69805926,158.0,218.0,0.14593154,153.0,276.0,0.64547867,153.0,277.0,0.43411785,3,tree
tree\girl2_tree162.jpg,174.0,75.0,0.41321325,174.0,73.0,0.5735633,169.0,73.0,0.51268816,170.0,75.0,0.5355891,159.0,77.0,0.5419537,170.0,98.0,0.49557313,157.0,99.0,0.8197413,180.0,67.0,0.433313,165.0,63.0,0.46344924,184.0,43.0,0.24240312,171.0,43.0,0.36058468,173.0,165.0,0.880674,160.0,161.0,0.86581564,167.0,225.0,0.79175913,149.0,203.0,0.16159496,156.0,277.0,0.77575517,142.0,190.0,0.49639812,3,tree
tree\girl2_tree164.jpg,177.0,78.0,0.48018152,177.0,74.0,0.5412376,173.0,74.0,0.45793638,171.0,76.0,0.36858368,163.0,76.0,0.49112627,172.0,99.0,0.619363,158.0,98.0,0.79986036,185.0,66.0,0.56028354,164.0,62.0,0.5367527,190.0,42.0,0.16470408,172.0,41.0,0.36781222,175.0,166.0,0.8772992,162.0,161.0,0.87330115,168.0,224.0,0.8621962,146.0,202.0,0.15457499,156.0,276.0,0.857167,144.0,189.0,0.5835711,3,tree
tree\girl2_tree165.jpg,177.0,73.0,0.4181827,178.0,71.0,0.57553095,172.0,71.0,0.5517797,176.0,75.0,0.44113782,161.0,75.0,0.3345229,175.0,99.0,0.3833054,159.0,99.0,0.6834593,187.0,65.0,0.585612,165.0,61.0,0.41924784,195.0,44.0,0.27203876,169.0,44.0,0.23545149,176.0,167.0,0.79913926,162.0,161.0,0.89388084,168.0,225.0,0.87668926,145.0,202.0,0.19873175,156.0,277.0,0.84072167,143.0,193.0,0.6218062,3,tree
tree\girl2_tree168.jpg,181.0,75.0,0.5476956,182.0,71.0,0.54298985,177.0,71.0,0.4806141,176.0,74.0,0.57281405,166.0,74.0,0.63385326,179.0,99.0,0.81446207,160.0,98.0,0.9088253,191.0,66.0,0.66151834,159.0,64.0,0.5936982,196.0,45.0,0.5052068,165.0,45.0,0.46017602,179.0,165.0,0.874689,162.0,159.0,0.9126222,169.0,226.0,0.8186806,142.0,201.0,0.51822007,157.0,279.0,0.8762695,142.0,193.0,0.6405861,3,tree
tree\girl2_tree169.jpg,181.0,76.0,0.55965286,180.0,73.0,0.5820106,176.0,73.0,0.57848203,175.0,76.0,0.48708552,166.0,76.0,0.63790137,179.0,100.0,0.78226113,159.0,99.0,0.8961512,191.0,67.0,0.60158664,159.0,61.0,0.6251171,195.0,46.0,0.3849695,165.0,47.0,0.2577675,178.0,167.0,0.8809235,161.0,162.0,0.8908861,169.0,226.0,0.7995881,140.0,204.0,0.46221238,158.0,281.0,0.69730043,141.0,195.0,0.45460385,3,tree
tree\girl2_tree171.jpg,180.0,74.0,0.5071725,180.0,71.0,0.43831643,175.0,71.0,0.3992341,177.0,75.0,0.42097604,165.0,75.0,0.5725788,180.0,99.0,0.6607077,159.0,99.0,0.8671719,191.0,66.0,0.5851537,158.0,63.0,0.2972332,194.0,44.0,0.33875394,161.0,44.0,0.28231722,179.0,167.0,0.9212333,161.0,160.0,0.88393235,168.0,228.0,0.74631524,137.0,204.0,0.6188797,157.0,281.0,0.91549313,141.0,193.0,0.5439919,3,tree
tree\girl2_tree172.jpg,178.0,74.0,0.4278871,179.0,71.0,0.5306315,173.0,71.0,0.54124194,177.0,74.0,0.31386364,164.0,75.0,0.6032436,179.0,100.0,0.43056405,159.0,100.0,0.7696644,192.0,65.0,0.5685773,158.0,65.0,0.289559,196.0,43.0,0.25208887,160.0,48.0,0.2414535,179.0,170.0,0.82470965,160.0,163.0,0.7526472,169.0,228.0,0.5583464,136.0,206.0,0.42793292,157.0,281.0,0.81381905,142.0,193.0,0.43294835,3,tree
tree\girl2_tree173.jpg,178.0,74.0,0.45682758,179.0,70.0,0.45505512,173.0,70.0,0.54724735,178.0,73.0,0.37409163,165.0,74.0,0.6111357,180.0,100.0,0.48696944,159.0,100.0,0.73035944,192.0,67.0,0.5888922,159.0,68.0,0.2644716,198.0,42.0,0.30634707,163.0,51.0,0.12941507,179.0,171.0,0.6429864,160.0,163.0,0.8819671,168.0,228.0,0.8408817,135.0,205.0,0.60197216,157.0,282.0,0.8717836,140.0,193.0,0.46324658,3,tree
tree\girl2_tree176.jpg,176.0,77.0,0.6054133,177.0,73.0,0.5642047,172.0,73.0,0.6061059,173.0,77.0,0.49695894,164.0,78.0,0.6199961,182.0,99.0,0.76690054,157.0,102.0,0.73062915,194.0,67.0,0.5942406,156.0,63.0,0.4568931,199.0,42.0,0.49192917,159.0,42.0,0.27588665,178.0,170.0,0.87729704,159.0,164.0,0.9185895,167.0,230.0,0.8776866,132.0,206.0,0.6919711,157.0,282.0,0.89610326,137.0,193.0,0.4800047,3,tree
tree\girl2_tree178.jpg,178.0,74.0,0.48698875,178.0,71.0,0.6304753,174.0,71.0,0.38681206,174.0,74.0,0.5103711,165.0,75.0,0.5841666,181.0,98.0,0.5453235,158.0,99.0,0.8015299,193.0,71.0,0.632469,157.0,59.0,0.4815461,199.0,47.0,0.46372607,159.0,43.0,0.29736608,178.0,169.0,0.91788745,159.0,163.0,0.8587247,167.0,230.0,0.85983056,132.0,206.0,0.6151434,157.0,282.0,0.92431474,137.0,194.0,0.44392955,3,tree
tree\girl2_tree179.jpg,179.0,76.0,0.42452267,179.0,73.0,0.6180959,175.0,73.0,0.5489469,177.0,75.0,0.42428714,165.0,75.0,0.61456424,181.0,98.0,0.60758734,159.0,97.0,0.7275797,194.0,70.0,0.4477015,158.0,60.0,0.45884702,199.0,51.0,0.26152077,180.0,59.0,0.22321853,178.0,170.0,0.86663425,159.0,164.0,0.8258995,167.0,232.0,0.79740524,131.0,207.0,0.60313636,156.0,283.0,0.8975751,136.0,194.0,0.40471452,3,tree
tree\girl3_tree087.jpg,139.0,91.0,0.6174934,143.0,86.0,0.6859166,134.0,87.0,0.7070328,149.0,82.0,0.65293133,127.0,83.0,0.7379401,157.0,101.0,0.81095034,119.0,102.0,0.83073616,179.0,132.0,0.7702744,105.0,135.0,0.7450321,152.0,134.0,0.57200336,126.0,135.0,0.54723334,152.0,154.0,0.7695366,125.0,151.0,0.84225845,151.0,190.0,0.29803148,83.0,184.0,0.78595465,144.0,219.0,0.7005002,132.0,175.0,0.522205,3,tree
tree\girl3_tree088.jpg,139.0,89.0,0.5180441,143.0,85.0,0.5254081,134.0,85.0,0.70461524,149.0,81.0,0.4703741,128.0,82.0,0.5779585,157.0,100.0,0.8521662,119.0,100.0,0.81775075,177.0,132.0,0.7248565,107.0,133.0,0.80469155,151.0,132.0,0.5806861,125.0,133.0,0.4706322,151.0,153.0,0.6840178,123.0,150.0,0.6590163,149.0,188.0,0.41560644,82.0,182.0,0.7254648,144.0,218.0,0.637542,131.0,173.0,0.27142438,3,tree
tree\girl3_tree089.jpg,140.0,90.0,0.63295734,144.0,85.0,0.5640766,135.0,85.0,0.61523706,151.0,82.0,0.5516115,128.0,82.0,0.649735,158.0,100.0,0.8448367,121.0,100.0,0.7809917,178.0,133.0,0.7119199,107.0,133.0,0.7434199,150.0,131.0,0.5019612,124.0,132.0,0.53839684,152.0,153.0,0.7481171,125.0,150.0,0.75406826,149.0,187.0,0.35971195,84.0,181.0,0.7585597,145.0,218.0,0.6955685,133.0,173.0,0.43374515,3,tree
tree\girl3_tree090.jpg,140.0,89.0,0.6153473,145.0,85.0,0.5075727,135.0,85.0,0.6415765,151.0,80.0,0.46718815,129.0,81.0,0.60983694,160.0,99.0,0.6091813,121.0,99.0,0.745469,177.0,132.0,0.69266295,109.0,132.0,0.74463946,149.0,128.0,0.598094,126.0,130.0,0.5005648,153.0,151.0,0.6524819,127.0,149.0,0.8322372,150.0,185.0,0.3683,84.0,180.0,0.7683927,146.0,216.0,0.62453425,134.0,173.0,0.447244,3,tree
tree\girl3_tree092.jpg,140.0,88.0,0.60401475,145.0,84.0,0.5287655,136.0,84.0,0.60910565,152.0,79.0,0.6023302,130.0,80.0,0.5392637,161.0,98.0,0.7604214,122.0,97.0,0.7355313,177.0,132.0,0.75051737,109.0,132.0,0.7535788,149.0,128.0,0.5696022,125.0,129.0,0.4712881,153.0,152.0,0.7456354,126.0,148.0,0.7402002,150.0,187.0,0.4000778,85.0,178.0,0.7544755,146.0,217.0,0.6455859,133.0,172.0,0.3289926,3,tree
tree\girl3_tree093.jpg,141.0,87.0,0.5444821,146.0,83.0,0.61024505,136.0,83.0,0.6943285,153.0,78.0,0.54656094,130.0,79.0,0.61322457,160.0,98.0,0.85141087,122.0,96.0,0.6982273,177.0,132.0,0.5472765,110.0,131.0,0.8043951,149.0,127.0,0.5421364,127.0,128.0,0.3061046,153.0,151.0,0.7367028,126.0,147.0,0.7522527,150.0,188.0,0.44426784,85.0,177.0,0.76459193,146.0,215.0,0.61647415,133.0,171.0,0.4163074,3,tree
tree\girl3_tree094.jpg,142.0,88.0,0.74184585,147.0,83.0,0.39298344,138.0,83.0,0.4585458,154.0,79.0,0.639384,131.0,79.0,0.5485991,163.0,98.0,0.69777477,123.0,97.0,0.8254857,178.0,132.0,0.703646,110.0,130.0,0.83901435,149.0,127.0,0.44830647,127.0,129.0,0.43431,154.0,152.0,0.731861,128.0,147.0,0.76844656,149.0,188.0,0.49096006,86.0,176.0,0.7766994,146.0,215.0,0.632833,134.0,171.0,0.42068654,3,tree
tree\girl3_tree099.jpg,144.0,86.0,0.6675558,149.0,82.0,0.50586236,139.0,82.0,0.5721105,156.0,78.0,0.6260325,134.0,77.0,0.53600186,165.0,97.0,0.6613581,126.0,95.0,0.7846556,180.0,132.0,0.7179326,113.0,128.0,0.6672766,150.0,126.0,0.5641301,130.0,127.0,0.48580313,156.0,149.0,0.7037807,129.0,145.0,0.7621582,152.0,184.0,0.5194316,91.0,172.0,0.6544253,148.0,212.0,0.6018735,137.0,172.0,0.26185608,3,tree
tree\girl3_tree101.jpg,145.0,86.0,0.7039163,151.0,82.0,0.4876654,141.0,82.0,0.5306357,158.0,78.0,0.642892,135.0,77.0,0.6103625,165.0,97.0,0.7922355,128.0,94.0,0.78104556,180.0,132.0,0.6593315,114.0,127.0,0.7343881,151.0,125.0,0.5707114,133.0,125.0,0.3907478,158.0,149.0,0.7618074,131.0,144.0,0.6956096,153.0,186.0,0.41056877,90.0,170.0,0.69525117,149.0,213.0,0.5425104,137.0,169.0,0.47243404,3,tree
tree\girl3_tree103.jpg,146.0,85.0,0.7289048,152.0,80.0,0.40624747,142.0,80.0,0.62779844,160.0,77.0,0.5008682,137.0,77.0,0.49468198,167.0,97.0,0.70487034,129.0,94.0,0.7295346,181.0,132.0,0.6252387,116.0,126.0,0.83145344,152.0,126.0,0.53950596,134.0,125.0,0.46429327,159.0,150.0,0.5891334,132.0,144.0,0.8059052,154.0,187.0,0.512971,90.0,169.0,0.6663955,151.0,213.0,0.5528588,137.0,169.0,0.26301256,3,tree
tree\girl3_tree105.jpg,147.0,86.0,0.7223289,152.0,82.0,0.46728653,143.0,81.0,0.5345695,161.0,77.0,0.52084535,138.0,77.0,0.6782932,168.0,97.0,0.6196706,130.0,93.0,0.7222223,181.0,132.0,0.7439717,116.0,125.0,0.75701034,152.0,125.0,0.50883263,134.0,124.0,0.4057205,159.0,150.0,0.735288,132.0,144.0,0.6712262,155.0,184.0,0.49960023,90.0,169.0,0.77909905,151.0,211.0,0.60081017,139.0,169.0,0.22082052,3,tree
tree\girl3_tree106.jpg,147.0,86.0,0.6595066,152.0,82.0,0.59661067,143.0,81.0,0.74274683,161.0,78.0,0.48589003,139.0,76.0,0.4849455,169.0,98.0,0.8275654,131.0,94.0,0.83686775,181.0,132.0,0.79350376,117.0,125.0,0.72213584,154.0,126.0,0.5063178,134.0,125.0,0.4300452,159.0,151.0,0.7250109,133.0,144.0,0.7998432,154.0,186.0,0.50398105,91.0,169.0,0.69335824,151.0,212.0,0.57993203,137.0,169.0,0.31085458,3,tree
tree\girl3_tree107.jpg,147.0,86.0,0.5921661,152.0,81.0,0.6848487,143.0,81.0,0.6190621,161.0,78.0,0.64445716,138.0,77.0,0.55507934,169.0,97.0,0.6659863,131.0,94.0,0.7562176,181.0,133.0,0.7225689,117.0,125.0,0.6064826,153.0,126.0,0.5807244,135.0,125.0,0.469907,160.0,150.0,0.7266086,133.0,144.0,0.71261203,156.0,184.0,0.48664564,91.0,168.0,0.73527324,152.0,211.0,0.56800985,139.0,169.0,0.38294184,3,tree
tree\girl3_tree112.jpg,150.0,87.0,0.76268315,155.0,83.0,0.5669009,146.0,82.0,0.6896852,164.0,79.0,0.51408035,141.0,78.0,0.58974046,171.0,99.0,0.70577216,134.0,94.0,0.8497933,183.0,135.0,0.64020276,119.0,125.0,0.73182845,154.0,125.0,0.5572342,136.0,123.0,0.52160186,162.0,149.0,0.7037219,135.0,144.0,0.77366745,157.0,187.0,0.502282,93.0,165.0,0.80708265,153.0,212.0,0.56400967,141.0,168.0,0.49444434,3,tree
tree\girl3_tree113.jpg,150.0,87.0,0.7440764,155.0,82.0,0.46204877,146.0,82.0,0.71022725,164.0,78.0,0.601089,141.0,77.0,0.46434107,171.0,98.0,0.7551022,134.0,93.0,0.8069105,183.0,134.0,0.498002,119.0,125.0,0.7298935,154.0,123.0,0.6244935,140.0,121.0,0.49725816,161.0,150.0,0.693551,135.0,144.0,0.7636962,156.0,185.0,0.53992766,94.0,164.0,0.70638156,153.0,213.0,0.53098834,141.0,168.0,0.3480935,3,tree
tree\girl3_tree115.jpg,150.0,87.0,0.580568,156.0,83.0,0.73355305,147.0,82.0,0.67430323,165.0,79.0,0.5376604,142.0,77.0,0.52028733,174.0,98.0,0.5736205,135.0,92.0,0.72123575,183.0,134.0,0.6092685,119.0,125.0,0.80316174,154.0,120.0,0.49720976,143.0,118.0,0.5048885,161.0,151.0,0.67925376,134.0,145.0,0.7572099,156.0,185.0,0.50830066,95.0,164.0,0.64680874,154.0,213.0,0.5447994,142.0,167.0,0.5261781,3,tree
tree\girl3_tree116.jpg,150.0,88.0,0.3589874,156.0,83.0,0.76216173,146.0,83.0,0.6725976,165.0,79.0,0.50739807,142.0,78.0,0.49003285,174.0,98.0,0.52195215,135.0,92.0,0.69047326,183.0,133.0,0.70280844,119.0,124.0,0.779037,154.0,118.0,0.54261184,144.0,115.0,0.53569293,161.0,150.0,0.6445037,135.0,144.0,0.72353315,156.0,184.0,0.4739528,95.0,163.0,0.6699048,153.0,212.0,0.56755245,141.0,167.0,0.51633376,3,tree
tree\girl3_tree119.jpg,152.0,89.0,0.5121646,158.0,85.0,0.5609745,149.0,84.0,0.4200871,167.0,80.0,0.45222294,145.0,78.0,0.52356064,175.0,97.0,0.7912308,135.0,91.0,0.7322339,181.0,132.0,0.7442123,119.0,123.0,0.6123931,155.0,111.0,0.6167093,145.0,108.0,0.45218143,161.0,152.0,0.5928984,136.0,145.0,0.7631351,157.0,187.0,0.41216955,94.0,162.0,0.5768214,155.0,213.0,0.41377214,143.0,167.0,0.54267627,3,tree
tree\girl3_tree120.jpg,152.0,88.0,0.48801008,157.0,84.0,0.57691926,149.0,83.0,0.5196018,166.0,80.0,0.45133576,143.0,78.0,0.57276183,175.0,97.0,0.7527929,135.0,91.0,0.63623315,180.0,131.0,0.76159537,119.0,123.0,0.6655756,153.0,108.0,0.66747767,144.0,105.0,0.460928,161.0,152.0,0.5562073,136.0,145.0,0.7386569,157.0,189.0,0.45704338,93.0,163.0,0.50598264,154.0,214.0,0.3970607,143.0,168.0,0.44232112,3,tree
tree\girl3_tree121.jpg,153.0,88.0,0.372873,160.0,82.0,0.31685925,150.0,82.0,0.46456295,168.0,79.0,0.45727682,144.0,77.0,0.5820601,176.0,96.0,0.6350391,135.0,89.0,0.6647899,179.0,130.0,0.73915803,120.0,121.0,0.54901725,155.0,105.0,0.5821612,144.0,103.0,0.49797213,162.0,152.0,0.5588343,137.0,145.0,0.7123463,157.0,189.0,0.45326117,94.0,162.0,0.6976917,156.0,214.0,0.3651511,140.0,171.0,0.35618818,3,tree
tree\girl3_tree124.jpg,153.0,86.0,0.439238,158.0,82.0,0.5812761,150.0,81.0,0.4998173,168.0,79.0,0.5482859,145.0,76.0,0.47585544,176.0,95.0,0.7726918,136.0,88.0,0.7258415,177.0,125.0,0.7671287,119.0,115.0,0.6826307,154.0,99.0,0.6662017,136.0,97.0,0.4367733,163.0,151.0,0.5598997,139.0,145.0,0.7080359,159.0,193.0,0.5423837,95.0,161.0,0.5936267,156.0,213.0,0.39691302,142.0,167.0,0.63379896,3,tree
tree\girl3_tree128.jpg,153.0,77.0,0.35495377,159.0,74.0,0.49736854,150.0,72.0,0.5896631,169.0,75.0,0.6227766,148.0,72.0,0.4621354,174.0,92.0,0.70380646,139.0,85.0,0.60484475,175.0,115.0,0.69063795,118.0,101.0,0.69107115,154.0,87.0,0.27610052,139.0,83.0,0.58581305,163.0,149.0,0.71081775,138.0,143.0,0.5992578,160.0,189.0,0.60960746,94.0,160.0,0.62344015,157.0,212.0,0.64236057,143.0,165.0,0.48677292,3,tree
tree\girl3_tree129.jpg,153.0,72.0,0.350826,159.0,69.0,0.51238346,151.0,68.0,0.5345881,169.0,73.0,0.5300076,149.0,70.0,0.41214257,175.0,92.0,0.7838408,140.0,87.0,0.7188943,176.0,109.0,0.6318347,117.0,95.0,0.7949416,154.0,81.0,0.42135635,145.0,78.0,0.5779932,164.0,149.0,0.6750412,138.0,143.0,0.8112186,161.0,192.0,0.53815675,97.0,158.0,0.5978043,158.0,210.0,0.3878225,143.0,167.0,0.5777344,3,tree
tree\girl3_tree130.jpg,153.0,82.0,0.30788964,160.0,77.0,0.37101516,151.0,77.0,0.31025463,168.0,77.0,0.5013045,150.0,74.0,0.4501048,175.0,92.0,0.68806565,140.0,84.0,0.66906756,177.0,104.0,0.7436005,119.0,89.0,0.8411981,155.0,77.0,0.3877871,144.0,75.0,0.59962296,164.0,149.0,0.67375934,138.0,142.0,0.67483217,160.0,190.0,0.51129574,98.0,159.0,0.5067522,159.0,210.0,0.25693268,143.0,169.0,0.5699649,3,tree
tree\girl3_tree132.jpg,154.0,89.0,0.44124746,160.0,83.0,0.38841778,151.0,82.0,0.49967265,169.0,81.0,0.4774813,149.0,79.0,0.41940835,174.0,94.0,0.61614865,142.0,85.0,0.74462396,178.0,95.0,0.7233121,120.0,78.0,0.6889456,158.0,66.0,0.4116532,147.0,64.0,0.7051208,163.0,150.0,0.6716994,140.0,144.0,0.7068898,159.0,190.0,0.5897677,142.0,166.0,0.1978403,157.0,211.0,0.48751083,146.0,177.0,0.41710982,3,tree
tree\girl3_tree133.jpg,154.0,83.0,0.30384037,160.0,77.0,0.3742621,151.0,77.0,0.3969792,168.0,76.0,0.47761893,148.0,75.0,0.47233954,174.0,93.0,0.49544683,142.0,85.0,0.7089538,176.0,89.0,0.6761154,121.0,75.0,0.7161708,158.0,60.0,0.47193816,148.0,59.0,0.5883507,162.0,149.0,0.6236623,139.0,142.0,0.6541214,159.0,187.0,0.5449626,94.0,159.0,0.31747353,157.0,209.0,0.39913,144.0,167.0,0.6814919,3,tree
tree\girl3_tree138.jpg,152.0,82.0,0.27152175,159.0,78.0,0.37252843,151.0,78.0,0.30696476,168.0,81.0,0.36894578,150.0,78.0,0.31592447,170.0,97.0,0.57802343,144.0,90.0,0.7817783,173.0,74.0,0.46068096,135.0,63.0,0.6722326,160.0,42.0,0.49948665,154.0,41.0,0.40431812,162.0,149.0,0.6096347,140.0,145.0,0.71510947,159.0,184.0,0.37999475,142.0,166.0,0.28199154,156.0,209.0,0.4758706,144.0,167.0,0.55769867,3,tree
tree\girl3_tree143.jpg,151.0,83.0,0.37985283,158.0,81.0,0.37148917,150.0,80.0,0.3724769,167.0,84.0,0.39828706,150.0,80.0,0.36527786,170.0,96.0,0.69133574,144.0,89.0,0.68118656,170.0,65.0,0.32520652,138.0,63.0,0.7182635,160.0,39.0,0.46410826,154.0,38.0,0.59952116,160.0,149.0,0.71158344,142.0,147.0,0.6735927,157.0,182.0,0.52644175,143.0,170.0,0.59977,155.0,209.0,0.47895923,149.0,186.0,0.16692662,3,tree
tree\guy1_tree086.jpg,176.0,47.0,0.80697864,181.0,42.0,0.9117979,172.0,42.0,0.8193464,188.0,45.0,0.8718306,169.0,45.0,0.80839205,200.0,74.0,0.7551924,155.0,74.0,0.9450847,220.0,105.0,0.85231674,133.0,105.0,0.8454976,186.0,102.0,0.86384887,160.0,97.0,0.85444444,184.0,137.0,0.8924072,158.0,134.0,0.8888749,179.0,198.0,0.9155544,110.0,158.0,0.9179114,174.0,248.0,0.9184853,164.0,162.0,0.8838371,3,tree
tree\guy1_tree088.jpg,179.0,47.0,0.856313,184.0,43.0,0.791647,175.0,43.0,0.89609617,192.0,46.0,0.84289944,171.0,46.0,0.86408436,204.0,76.0,0.82294923,158.0,75.0,0.89347196,219.0,107.0,0.85355407,137.0,106.0,0.7470275,183.0,96.0,0.9278193,164.0,95.0,0.7361483,187.0,139.0,0.9201488,161.0,135.0,0.9364574,182.0,200.0,0.9566169,112.0,160.0,0.93866813,177.0,251.0,0.87524617,165.0,164.0,0.87441015,3,tree
tree\guy1_tree090.jpg,181.0,49.0,0.8340298,186.0,44.0,0.7968855,177.0,44.0,0.8957,194.0,48.0,0.82438767,174.0,48.0,0.8810449,205.0,78.0,0.8256895,161.0,76.0,0.91493446,218.0,107.0,0.6693107,141.0,108.0,0.75940055,182.0,94.0,0.88543344,169.0,93.0,0.7730421,188.0,141.0,0.9124038,163.0,137.0,0.9446825,183.0,201.0,0.8033209,114.0,161.0,0.81083614,179.0,254.0,0.8955649,167.0,165.0,0.8591573,3,tree
tree\guy1_tree091.jpg,181.0,49.0,0.82607174,187.0,44.0,0.8147881,178.0,44.0,0.8856423,195.0,48.0,0.7791335,175.0,48.0,0.8771974,207.0,78.0,0.8274969,162.0,76.0,0.9257418,218.0,108.0,0.76559174,142.0,108.0,0.79029596,182.0,94.0,0.8690988,170.0,93.0,0.7497863,189.0,142.0,0.91178745,164.0,138.0,0.9482937,184.0,203.0,0.8065295,115.0,162.0,0.8804083,179.0,256.0,0.93429476,167.0,167.0,0.85870004,3,tree
tree\guy1_tree093.jpg,182.0,50.0,0.7264201,187.0,46.0,0.6212834,179.0,46.0,0.7927481,196.0,50.0,0.6028783,177.0,49.0,0.7791732,208.0,80.0,0.8670299,164.0,77.0,0.8674581,218.0,109.0,0.7468322,142.0,109.0,0.73368895,182.0,96.0,0.8402796,169.0,95.0,0.7946732,191.0,143.0,0.92016673,166.0,139.0,0.95243096,185.0,205.0,0.80379534,117.0,163.0,0.91139793,180.0,257.0,0.96355045,168.0,169.0,0.9210213,3,tree
tree\guy1_tree095.jpg,183.0,51.0,0.83534974,188.0,47.0,0.81330436,179.0,47.0,0.8278436,197.0,51.0,0.8999005,177.0,50.0,0.76644033,209.0,81.0,0.9378469,164.0,79.0,0.94093347,218.0,111.0,0.9226658,144.0,111.0,0.7432908,182.0,97.0,0.886634,170.0,96.0,0.72007173,191.0,145.0,0.8942183,166.0,141.0,0.94057727,185.0,208.0,0.8737853,118.0,164.0,0.8905939,181.0,259.0,0.93004656,169.0,171.0,0.88687766,3,tree
tree\guy1_tree098.jpg,181.0,54.0,0.7085507,187.0,50.0,0.9057926,178.0,49.0,0.8217045,197.0,54.0,0.87384,179.0,52.0,0.7316863,209.0,84.0,0.8160156,164.0,82.0,0.8973203,216.0,115.0,0.8592694,144.0,115.0,0.88762283,180.0,100.0,0.88230526,167.0,98.0,0.7607741,190.0,147.0,0.89124525,166.0,144.0,0.9478024,185.0,210.0,0.95319164,117.0,167.0,0.9102526,180.0,264.0,0.9256065,168.0,174.0,0.905174,3,tree
tree\guy1_tree102.jpg,178.0,57.0,0.82244265,184.0,53.0,0.8761737,176.0,52.0,0.7868971,195.0,56.0,0.82824594,177.0,55.0,0.62645584,207.0,87.0,0.87148213,164.0,84.0,0.8299302,211.0,119.0,0.94314456,143.0,118.0,0.8265184,177.0,104.0,0.67889124,163.0,101.0,0.7046412,187.0,151.0,0.74928606,163.0,147.0,0.9548319,183.0,214.0,0.91157615,117.0,169.0,0.709543,178.0,270.0,0.9540926,164.0,178.0,0.87822425,3,tree
tree\guy1_tree103.jpg,178.0,58.0,0.68131673,184.0,53.0,0.9207337,175.0,53.0,0.8877467,195.0,57.0,0.87582433,177.0,55.0,0.71544915,207.0,88.0,0.9230058,164.0,84.0,0.80163246,211.0,121.0,0.7432191,143.0,119.0,0.83398443,176.0,105.0,0.8205558,161.0,102.0,0.7588589,187.0,152.0,0.851503,163.0,149.0,0.94699,182.0,215.0,0.88670516,117.0,170.0,0.7700147,178.0,271.0,0.94221187,165.0,180.0,0.8969356,3,tree
tree\guy1_tree104.jpg,176.0,58.0,0.66098166,182.0,54.0,0.90577114,174.0,53.0,0.8597578,194.0,58.0,0.8583901,176.0,56.0,0.67229474,207.0,89.0,0.9193554,163.0,85.0,0.87716496,209.0,121.0,0.7355771,142.0,119.0,0.8455795,174.0,106.0,0.8083705,161.0,102.0,0.74132705,186.0,153.0,0.8461418,162.0,149.0,0.95308423,181.0,217.0,0.8319334,116.0,170.0,0.8112055,177.0,271.0,0.93336546,164.0,181.0,0.8366247,3,tree
tree\guy1_tree105.jpg,175.0,59.0,0.8598136,181.0,55.0,0.8571278,173.0,54.0,0.7722063,193.0,59.0,0.8440168,175.0,56.0,0.6065066,205.0,89.0,0.89755344,162.0,85.0,0.9084479,208.0,122.0,0.77031654,141.0,121.0,0.853279,173.0,107.0,0.82095504,158.0,104.0,0.743229,186.0,154.0,0.8774828,161.0,150.0,0.8097265,181.0,217.0,0.89612174,116.0,171.0,0.79794955,176.0,273.0,0.939842,162.0,181.0,0.86603093,3,tree
tree\guy1_tree106.jpg,174.0,60.0,0.84551424,180.0,56.0,0.8312957,172.0,55.0,0.7743336,191.0,60.0,0.8334962,174.0,57.0,0.63996327,204.0,90.0,0.8795917,161.0,86.0,0.9005895,206.0,124.0,0.7418348,140.0,121.0,0.876739,171.0,108.0,0.8084204,157.0,104.0,0.77541566,184.0,154.0,0.87752366,161.0,151.0,0.9583657,179.0,217.0,0.8044958,115.0,172.0,0.83832437,174.0,273.0,0.9264028,161.0,182.0,0.8872585,3,tree
tree\guy1_tree109.jpg,170.0,63.0,0.8239192,176.0,58.0,0.74385726,168.0,58.0,0.72524554,188.0,62.0,0.7727808,171.0,60.0,0.60880035,200.0,93.0,0.8735439,158.0,88.0,0.9241384,200.0,126.0,0.71862674,138.0,124.0,0.8846549,167.0,110.0,0.73791885,152.0,107.0,0.7679044,180.0,157.0,0.6956859,157.0,153.0,0.95014894,175.0,221.0,0.9021768,114.0,174.0,0.74737823,172.0,274.0,0.9286686,157.0,185.0,0.8310655,3,tree
tree\guy1_tree110.jpg,167.0,64.0,0.8012781,173.0,59.0,0.84882057,166.0,58.0,0.73749804,186.0,63.0,0.7784724,170.0,60.0,0.7777022,198.0,93.0,0.8258112,156.0,89.0,0.9224622,198.0,127.0,0.9229368,137.0,125.0,0.9025941,164.0,111.0,0.8051514,151.0,107.0,0.745788,179.0,158.0,0.63278246,155.0,154.0,0.93111753,173.0,222.0,0.8181887,112.0,175.0,0.8494178,170.0,275.0,0.93290997,156.0,186.0,0.8673121,3,tree
tree\guy1_tree111.jpg,166.0,64.0,0.66268694,172.0,60.0,0.8266573,165.0,59.0,0.72385645,185.0,63.0,0.7406951,169.0,61.0,0.7604404,198.0,94.0,0.7960976,155.0,89.0,0.9401438,196.0,128.0,0.9287865,136.0,125.0,0.9115443,163.0,111.0,0.7364359,150.0,108.0,0.64856267,178.0,158.0,0.7982117,155.0,155.0,0.9485864,173.0,222.0,0.8722326,112.0,175.0,0.7131573,170.0,276.0,0.92322147,155.0,187.0,0.8712491,3,tree
tree\guy1_tree113.jpg,163.0,66.0,0.7819277,169.0,62.0,0.8847991,162.0,61.0,0.67859316,181.0,65.0,0.8170146,167.0,63.0,0.6780759,194.0,95.0,0.7002612,152.0,88.0,0.85242677,190.0,128.0,0.8729819,132.0,127.0,0.8160472,159.0,110.0,0.87109494,148.0,107.0,0.6869296,174.0,159.0,0.76713854,151.0,156.0,0.87623656,169.0,223.0,0.8898906,111.0,175.0,0.7693323,166.0,279.0,0.8814661,153.0,189.0,0.82015103,3,tree
tree\guy1_tree115.jpg,160.0,68.0,0.67486346,166.0,64.0,0.9053536,159.0,63.0,0.5962411,178.0,67.0,0.8372831,164.0,65.0,0.64161426,189.0,95.0,0.83810514,151.0,88.0,0.83448637,184.0,127.0,0.83271027,127.0,126.0,0.8981466,155.0,106.0,0.80114365,145.0,106.0,0.7639924,171.0,161.0,0.9166688,148.0,158.0,0.85782564,166.0,226.0,0.88725686,109.0,176.0,0.7505757,163.0,283.0,0.9314541,150.0,191.0,0.83694494,3,tree
tree\guy1_tree116.jpg,157.0,68.0,0.78462076,163.0,64.0,0.8595942,157.0,63.0,0.721914,176.0,67.0,0.8237043,162.0,65.0,0.6254395,188.0,95.0,0.8040722,149.0,88.0,0.7953006,181.0,125.0,0.8767005,125.0,124.0,0.85318637,153.0,102.0,0.6920898,142.0,103.0,0.6041659,169.0,161.0,0.7040826,147.0,159.0,0.901887,164.0,228.0,0.8944379,109.0,176.0,0.8254888,161.0,282.0,0.90976185,148.0,190.0,0.82522357,3,tree
tree\guy1_tree117.jpg,155.0,69.0,0.751055,162.0,65.0,0.79758215,156.0,64.0,0.72066134,175.0,68.0,0.75017625,161.0,66.0,0.63516474,187.0,95.0,0.71588534,148.0,90.0,0.82460624,177.0,123.0,0.81761116,123.0,122.0,0.76027095,152.0,101.0,0.7534292,141.0,101.0,0.6667722,168.0,163.0,0.714399,146.0,160.0,0.90500915,163.0,228.0,0.88732564,109.0,176.0,0.8279189,159.0,283.0,0.89085144,146.0,191.0,0.7925266,3,tree
tree\guy1_tree120.jpg,150.0,69.0,0.7457615,156.0,66.0,0.8024138,151.0,65.0,0.7575271,169.0,69.0,0.6050463,159.0,68.0,0.69170827,182.0,94.0,0.6668972,145.0,94.0,0.706045,165.0,117.0,0.83806795,117.0,114.0,0.93779004,145.0,90.0,0.58010364,133.0,91.0,0.73365766,163.0,165.0,0.7962291,143.0,162.0,0.9452515,158.0,229.0,0.842432,106.0,177.0,0.8559816,155.0,284.0,0.9090109,142.0,191.0,0.8263748,3,tree
tree\guy1_tree122.jpg,146.0,70.0,0.684596,151.0,66.0,0.7232114,147.0,65.0,0.74769676,165.0,72.0,0.74767727,155.0,68.0,0.61330384,179.0,95.0,0.89982355,141.0,96.0,0.88634,159.0,110.0,0.7841778,112.0,108.0,0.91079354,141.0,81.0,0.6044789,128.0,84.0,0.845607,158.0,167.0,0.7794218,140.0,162.0,0.8593714,154.0,231.0,0.82263756,103.0,179.0,0.7930008,152.0,285.0,0.9334167,137.0,194.0,0.8583802,3,tree
tree\guy1_tree123.jpg,145.0,71.0,0.67829835,151.0,68.0,0.78464526,145.0,67.0,0.6337893,164.0,73.0,0.79051495,150.0,70.0,0.467128,176.0,94.0,0.9238335,140.0,96.0,0.874811,157.0,106.0,0.8794253,111.0,106.0,0.83577275,140.0,77.0,0.6115996,127.0,79.0,0.7950335,157.0,167.0,0.7598088,139.0,163.0,0.8433782,152.0,232.0,0.86626923,104.0,179.0,0.8875494,151.0,286.0,0.88830745,137.0,193.0,0.75242335,3,tree
tree\guy1_tree124.jpg,144.0,73.0,0.5068637,149.0,70.0,0.7299972,143.0,68.0,0.56981957,163.0,75.0,0.7416998,148.0,71.0,0.47049674,176.0,94.0,0.8883156,138.0,96.0,0.8931799,155.0,103.0,0.8237264,110.0,102.0,0.8215797,136.0,73.0,0.69980574,125.0,75.0,0.8161289,157.0,167.0,0.8025019,138.0,163.0,0.85015124,150.0,232.0,0.7922332,104.0,179.0,0.90968716,150.0,286.0,0.9049232,136.0,194.0,0.8220657,3,tree
tree\guy1_tree127.jpg,139.0,77.0,0.49651814,144.0,74.0,0.6769418,139.0,73.0,0.5054623,159.0,76.0,0.7879325,146.0,74.0,0.57547534,169.0,93.0,0.8021054,138.0,93.0,0.7938992,145.0,94.0,0.55816543,108.0,92.0,0.8378916,131.0,65.0,0.72857404,121.0,66.0,0.7297882,152.0,167.0,0.8862011,133.0,163.0,0.78646874,146.0,233.0,0.8188009,101.0,180.0,0.7941688,146.0,287.0,0.8756641,131.0,195.0,0.7120933,3,tree
tree\guy1_tree128.jpg,137.0,78.0,0.5551235,142.0,75.0,0.6954375,138.0,74.0,0.5735706,156.0,78.0,0.7002801,146.0,74.0,0.55640686,168.0,93.0,0.8449105,135.0,91.0,0.7900068,144.0,91.0,0.60795486,105.0,88.0,0.88459074,129.0,62.0,0.8021565,120.0,62.0,0.8436724,151.0,169.0,0.7361562,132.0,164.0,0.816314,145.0,235.0,0.8752601,101.0,180.0,0.83595693,144.0,288.0,0.92422974,131.0,194.0,0.7954491,3,tree
tree\guy1_tree129.jpg,137.0,79.0,0.6341719,142.0,75.0,0.59086996,136.0,74.0,0.69070995,155.0,77.0,0.6757905,140.0,74.0,0.6189316,166.0,93.0,0.89821637,133.0,91.0,0.83326447,141.0,86.0,0.6426386,104.0,82.0,0.84261394,129.0,58.0,0.83406746,118.0,58.0,0.7183301,149.0,169.0,0.7379364,130.0,165.0,0.90404296,142.0,235.0,0.7211509,100.0,180.0,0.68362266,143.0,288.0,0.9153867,129.0,194.0,0.79120874,3,tree
tree\guy1_tree130.jpg,137.0,80.0,0.59351635,141.0,75.0,0.6033885,136.0,74.0,0.69731635,153.0,78.0,0.7614095,141.0,74.0,0.6729795,164.0,95.0,0.85928243,132.0,91.0,0.8676039,143.0,81.0,0.5948466,105.0,76.0,0.9484516,128.0,52.0,0.73220354,118.0,52.0,0.74358356,149.0,168.0,0.8744652,129.0,165.0,0.9209559,141.0,235.0,0.7911197,100.0,180.0,0.86221856,142.0,287.0,0.90529895,128.0,194.0,0.74393755,3,tree
tree\guy1_tree131.jpg,138.0,79.0,0.517467,143.0,75.0,0.50931853,137.0,73.0,0.5867077,153.0,79.0,0.74424964,142.0,75.0,0.66990596,163.0,98.0,0.69884604,133.0,91.0,0.69775355,143.0,78.0,0.62174946,106.0,73.0,0.87366694,129.0,48.0,0.6520968,119.0,48.0,0.7340314,148.0,170.0,0.8635424,129.0,166.0,0.90519345,140.0,236.0,0.8445567,100.0,179.0,0.7769861,141.0,288.0,0.92188597,127.0,194.0,0.6648748,3,tree
tree\guy1_tree132.jpg,136.0,80.0,0.48496953,140.0,76.0,0.5413977,136.0,74.0,0.5040194,151.0,80.0,0.67539346,142.0,76.0,0.64173007,161.0,102.0,0.766837,134.0,94.0,0.8474482,142.0,73.0,0.6037768,109.0,71.0,0.8602181,129.0,44.0,0.59710544,119.0,45.0,0.7231634,145.0,170.0,0.80759656,128.0,167.0,0.93136907,139.0,236.0,0.79591,101.0,179.0,0.7667092,140.0,287.0,0.9241059,125.0,194.0,0.7213896,3,tree
tree\guy1_tree134.jpg,132.0,78.0,0.5842039,136.0,75.0,0.46329415,134.0,74.0,0.49696097,148.0,79.0,0.6079886,143.0,77.0,0.65740764,158.0,100.0,0.72860956,134.0,93.0,0.7091813,143.0,65.0,0.7083319,115.0,65.0,0.8321963,133.0,33.0,0.64618593,125.0,35.0,0.67677784,145.0,170.0,0.83731544,127.0,166.0,0.9187068,138.0,236.0,0.9265046,102.0,178.0,0.82681584,139.0,287.0,0.89448905,126.0,196.0,0.6759366,3,tree
tree\guy1_tree135.jpg,131.0,78.0,0.59080756,135.0,75.0,0.5614551,133.0,74.0,0.73015964,148.0,79.0,0.71940327,142.0,76.0,0.65695256,157.0,100.0,0.6376786,134.0,94.0,0.7680297,142.0,59.0,0.6671382,117.0,64.0,0.8751671,133.0,32.0,0.69604146,124.0,34.0,0.66702664,143.0,170.0,0.84488887,127.0,165.0,0.91256785,137.0,236.0,0.8166891,101.0,178.0,0.8024339,138.0,287.0,0.9269891,124.0,195.0,0.62532336,3,tree
tree\guy1_tree137.jpg,132.0,79.0,0.62583053,137.0,76.0,0.59116715,133.0,75.0,0.5392526,148.0,80.0,0.5548459,141.0,78.0,0.6327644,155.0,101.0,0.8493378,134.0,96.0,0.6466408,140.0,58.0,0.53227514,124.0,59.0,0.82857513,136.0,31.0,0.5575851,127.0,31.0,0.5863295,142.0,171.0,0.8100418,127.0,168.0,0.92396045,136.0,236.0,0.8230692,102.0,177.0,0.59066516,137.0,287.0,0.9065293,123.0,195.0,0.5676827,3,tree
tree\guy1_tree144.jpg,134.0,82.0,0.5966209,138.0,79.0,0.6058067,137.0,78.0,0.65842843,151.0,82.0,0.6736337,148.0,81.0,0.6754876,156.0,103.0,0.63732827,141.0,102.0,0.76273286,142.0,60.0,0.49537042,134.0,59.0,0.49513552,140.0,44.0,0.21280259,137.0,62.0,0.10131988,143.0,173.0,0.7638124,135.0,170.0,0.81417066,140.0,234.0,0.84472215,114.0,175.0,0.66489875,141.0,283.0,0.7810122,128.0,201.0,0.3842311,3,tree
tree\guy1_tree149.jpg,142.0,84.0,0.6327449,145.0,79.0,0.6211187,144.0,79.0,0.64624864,157.0,82.0,0.58058774,156.0,82.0,0.56780434,162.0,103.0,0.78527087,152.0,104.0,0.69533396,149.0,60.0,0.56004053,148.0,140.0,0.21000639,147.0,49.0,0.22791192,132.0,169.0,0.567621,149.0,170.0,0.6881213,145.0,170.0,0.78789103,146.0,230.0,0.7729862,143.0,221.0,0.23119077,148.0,278.0,0.6584712,148.0,277.0,0.24533826,3,tree
tree\guy2_tree091.jpg,164.0,53.0,0.5788189,166.0,44.0,0.7364836,155.0,48.0,0.6093307,164.0,39.0,0.12443215,131.0,47.0,0.45867267,172.0,70.0,0.70198244,113.0,99.0,0.8456985,213.0,106.0,0.8071228,117.0,164.0,0.4407889,185.0,119.0,0.47336906,168.0,129.0,0.7138556,170.0,178.0,0.57117134,134.0,180.0,0.67911094,157.0,231.0,0.5630338,85.0,261.0,0.7708715,152.0,277.0,0.7366971,104.0,228.0,0.19122273,3,tree
tree\guy2_tree094.jpg,159.0,48.0,0.45978346,161.0,39.0,0.72916186,149.0,42.0,0.4658482,158.0,37.0,0.13300523,128.0,42.0,0.5431746,167.0,70.0,0.62875414,111.0,92.0,0.70758134,207.0,104.0,0.85216665,112.0,153.0,0.45115012,175.0,113.0,0.4275457,163.0,121.0,0.71431035,167.0,175.0,0.65205926,131.0,175.0,0.79142785,156.0,226.0,0.6624186,81.0,244.0,0.7645838,149.0,273.0,0.83813035,93.0,223.0,0.14925575,3,tree
tree\guy2_tree095.jpg,158.0,47.0,0.5395636,160.0,39.0,0.5940073,148.0,41.0,0.6055194,157.0,37.0,0.14515883,127.0,41.0,0.55354565,167.0,69.0,0.5545143,111.0,90.0,0.7061002,206.0,103.0,0.7948716,111.0,151.0,0.49252626,175.0,110.0,0.4355735,161.0,118.0,0.7686121,166.0,173.0,0.5383349,130.0,172.0,0.712671,156.0,225.0,0.61768824,80.0,241.0,0.82660353,149.0,272.0,0.8087839,96.0,213.0,0.1892949,3,tree
tree\guy2_tree098.jpg,156.0,46.0,0.6166036,158.0,39.0,0.66086215,147.0,40.0,0.76979995,156.0,38.0,0.19422004,128.0,41.0,0.67548174,167.0,69.0,0.5193509,113.0,87.0,0.84697187,203.0,103.0,0.78580135,111.0,141.0,0.6674699,170.0,109.0,0.4227717,158.0,115.0,0.81815976,165.0,170.0,0.7207716,130.0,167.0,0.7529147,155.0,222.0,0.67409253,79.0,229.0,0.76018274,148.0,268.0,0.84370184,95.0,206.0,0.18335667,3,tree
tree\guy2_tree099.jpg,156.0,46.0,0.5960663,158.0,39.0,0.7009009,147.0,40.0,0.74905944,156.0,38.0,0.22614089,129.0,41.0,0.6083513,167.0,70.0,0.73437554,113.0,87.0,0.867928,202.0,104.0,0.79867935,110.0,139.0,0.6520679,170.0,109.0,0.46888342,157.0,114.0,0.79841864,164.0,170.0,0.69851416,130.0,165.0,0.6516453,155.0,219.0,0.6636487,79.0,226.0,0.6883217,148.0,267.0,0.82828474,94.0,204.0,0.16443926,3,tree
tree\guy2_tree103.jpg,155.0,48.0,0.56477976,157.0,42.0,0.5998284,147.0,43.0,0.7369665,157.0,42.0,0.26700497,130.0,44.0,0.6604284,167.0,74.0,0.51179063,116.0,86.0,0.7089522,200.0,107.0,0.7339273,110.0,134.0,0.62459433,170.0,108.0,0.51090676,155.0,112.0,0.7024076,164.0,167.0,0.71437234,130.0,161.0,0.57799655,155.0,219.0,0.70061344,80.0,216.0,0.724131,148.0,267.0,0.7068857,99.0,201.0,0.1439744,3,tree
tree\guy2_tree105.jpg,154.0,49.0,0.5642761,157.0,43.0,0.7249813,147.0,44.0,0.7769352,157.0,43.0,0.30397975,131.0,45.0,0.5418794,168.0,75.0,0.6342597,117.0,86.0,0.7852833,199.0,108.0,0.83433664,111.0,132.0,0.6464979,169.0,108.0,0.604722,153.0,112.0,0.5929532,163.0,168.0,0.69190633,130.0,161.0,0.560767,155.0,218.0,0.72004473,80.0,212.0,0.60737973,149.0,267.0,0.82743406,96.0,199.0,0.16746756,3,tree
tree\guy2_tree110.jpg,153.0,48.0,0.6201588,157.0,43.0,0.699268,146.0,43.0,0.7305492,159.0,43.0,0.3584772,133.0,44.0,0.7491365,170.0,76.0,0.8187313,118.0,83.0,0.85509014,197.0,109.0,0.77385193,108.0,126.0,0.715343,166.0,107.0,0.4861859,149.0,110.0,0.6914158,163.0,163.0,0.7460579,129.0,156.0,0.6642026,154.0,216.0,0.6739427,78.0,200.0,0.79336095,149.0,267.0,0.6937182,119.0,187.0,0.10866773,3,tree
tree\guy2_tree111.jpg,153.0,48.0,0.59288955,157.0,42.0,0.66705215,147.0,43.0,0.70137596,159.0,43.0,0.38335022,133.0,44.0,0.7584837,170.0,75.0,0.78771603,119.0,82.0,0.85387635,197.0,109.0,0.78284514,108.0,125.0,0.7549254,166.0,106.0,0.5165682,149.0,108.0,0.6351999,163.0,162.0,0.7369186,129.0,155.0,0.8283434,154.0,214.0,0.62072945,78.0,198.0,0.7968838,149.0,267.0,0.7125868,137.0,188.0,0.12724206,3,tree
tree\guy2_tree112.jpg,153.0,47.0,0.4818924,157.0,41.0,0.51995146,147.0,42.0,0.537841,160.0,42.0,0.33082667,134.0,43.0,0.64335823,170.0,74.0,0.7082602,119.0,80.0,0.6921629,197.0,108.0,0.7537269,109.0,124.0,0.75419044,166.0,104.0,0.3657355,148.0,107.0,0.62667924,163.0,160.0,0.77663505,130.0,153.0,0.7569091,154.0,213.0,0.61904025,77.0,196.0,0.8007002,149.0,266.0,0.7730968,138.0,187.0,0.20186386,3,tree
tree\guy2_tree114.jpg,154.0,46.0,0.48753807,157.0,40.0,0.75171536,147.0,41.0,0.73876077,160.0,40.0,0.46304512,135.0,41.0,0.54375833,171.0,72.0,0.8509065,122.0,77.0,0.811902,198.0,103.0,0.7977175,110.0,118.0,0.7554975,166.0,96.0,0.47836137,149.0,98.0,0.619261,162.0,160.0,0.765027,130.0,153.0,0.8463979,155.0,212.0,0.75301236,77.0,191.0,0.775627,150.0,265.0,0.77445304,135.0,186.0,0.1817654,3,tree
tree\guy2_tree117.jpg,155.0,44.0,0.6301136,159.0,39.0,0.5031911,148.0,39.0,0.7058228,163.0,39.0,0.5966686,137.0,41.0,0.7404358,173.0,68.0,0.57818216,125.0,72.0,0.8612753,201.0,98.0,0.68282145,114.0,110.0,0.83059406,166.0,84.0,0.40284044,149.0,86.0,0.5231487,163.0,156.0,0.67758954,133.0,148.0,0.6876861,157.0,209.0,0.7953636,80.0,185.0,0.78531885,151.0,263.0,0.76273537,140.0,182.0,0.29805946,3,tree
tree\guy2_tree120.jpg,158.0,44.0,0.6382015,162.0,39.0,0.7643692,152.0,40.0,0.8246151,166.0,39.0,0.6586863,142.0,41.0,0.67592746,178.0,68.0,0.7230634,130.0,68.0,0.8447561,202.0,90.0,0.83148354,121.0,98.0,0.44917178,168.0,69.0,0.37605214,155.0,70.0,0.53260344,166.0,154.0,0.78284144,136.0,148.0,0.8120557,159.0,211.0,0.7170645,82.0,182.0,0.71237266,154.0,261.0,0.7671364,143.0,180.0,0.4462542,3,tree
tree\guy2_tree121.jpg,159.0,45.0,0.55400467,163.0,40.0,0.7124987,153.0,40.0,0.7732163,167.0,40.0,0.5988352,143.0,42.0,0.59003335,178.0,67.0,0.48267686,131.0,69.0,0.77563435,203.0,87.0,0.7934415,124.0,94.0,0.74223644,168.0,65.0,0.35142052,156.0,66.0,0.53548783,166.0,154.0,0.62201315,138.0,148.0,0.822379,160.0,208.0,0.6721904,84.0,182.0,0.7825502,155.0,261.0,0.7037271,143.0,180.0,0.3869441,3,tree
tree\guy2_tree122.jpg,157.0,46.0,0.48510814,161.0,41.0,0.5875947,153.0,41.0,0.6641169,168.0,41.0,0.56769496,144.0,43.0,0.73464966,182.0,67.0,0.7784212,132.0,68.0,0.8675447,201.0,84.0,0.5672534,127.0,91.0,0.67256004,171.0,62.0,0.5785401,158.0,61.0,0.55157,168.0,154.0,0.73154813,139.0,147.0,0.8195673,161.0,208.0,0.72267133,86.0,181.0,0.7653966,156.0,260.0,0.6907341,144.0,181.0,0.3752103,3,tree
tree\guy2_tree123.jpg,157.0,48.0,0.54886293,161.0,43.0,0.38206005,153.0,43.0,0.6579252,168.0,42.0,0.45807773,144.0,45.0,0.5572528,181.0,67.0,0.5684508,133.0,68.0,0.80885863,200.0,80.0,0.6124894,130.0,87.0,0.66033036,170.0,56.0,0.43876755,159.0,57.0,0.3686373,169.0,154.0,0.74943197,140.0,148.0,0.77349246,161.0,208.0,0.67664623,88.0,181.0,0.66294646,157.0,260.0,0.7389598,144.0,180.0,0.37719655,3,tree
tree\guy2_tree124.jpg,158.0,50.0,0.5086879,162.0,44.0,0.2866525,154.0,44.0,0.62050605,169.0,44.0,0.5409883,146.0,46.0,0.7005992,180.0,67.0,0.57373726,135.0,69.0,0.7012551,199.0,78.0,0.60837615,132.0,83.0,0.4501867,172.0,53.0,0.49062425,157.0,57.0,0.2783627,169.0,154.0,0.74396825,141.0,149.0,0.8014924,163.0,207.0,0.65587527,89.0,180.0,0.71441525,158.0,260.0,0.7686428,144.0,179.0,0.25910893,3,tree
tree\guy2_tree125.jpg,159.0,50.0,0.48200053,164.0,44.0,0.5642564,155.0,45.0,0.66294813,170.0,45.0,0.5771108,147.0,47.0,0.6955142,180.0,67.0,0.60264045,136.0,69.0,0.71097827,200.0,75.0,0.58010024,133.0,80.0,0.42552292,173.0,51.0,0.5989058,160.0,52.0,0.2585401,171.0,154.0,0.75834095,143.0,149.0,0.6148798,163.0,206.0,0.47347096,90.0,180.0,0.679278,159.0,260.0,0.76215756,144.0,180.0,0.22866616,3,tree
tree\guy2_tree126.jpg,160.0,50.0,0.4660976,165.0,45.0,0.6148885,157.0,46.0,0.60682195,172.0,48.0,0.5803373,149.0,48.0,0.5265263,181.0,68.0,0.7036978,139.0,71.0,0.7330008,201.0,73.0,0.46703124,135.0,77.0,0.39549506,175.0,50.0,0.53336185,157.0,52.0,0.30762613,172.0,155.0,0.76915276,144.0,150.0,0.60559326,165.0,207.0,0.64610404,91.0,180.0,0.619942,159.0,260.0,0.6658833,144.0,179.0,0.21312177,3,tree
tree\guy2_tree127.jpg,161.0,55.0,0.4853332,165.0,50.0,0.6054163,158.0,50.0,0.45170766,172.0,52.0,0.63893706,151.0,52.0,0.57696015,181.0,72.0,0.55325377,142.0,74.0,0.641551,201.0,70.0,0.5301751,135.0,74.0,0.51213115,176.0,46.0,0.67969996,159.0,48.0,0.18999025,173.0,156.0,0.72537035,146.0,151.0,0.7283471,166.0,208.0,0.68598855,94.0,180.0,0.68910825,160.0,260.0,0.6859291,148.0,182.0,0.20530242,3,tree
tree\guy2_tree128.jpg,163.0,55.0,0.4715158,167.0,50.0,0.53481877,159.0,50.0,0.5412237,173.0,52.0,0.4290552,153.0,52.0,0.6548252,181.0,73.0,0.71297693,144.0,75.0,0.6409102,202.0,67.0,0.5049457,135.0,70.0,0.5129694,178.0,43.0,0.7156688,154.0,48.0,0.22421163,172.0,157.0,0.6204967,147.0,151.0,0.7394453,166.0,210.0,0.71399003,96.0,180.0,0.655187,161.0,260.0,0.7165577,150.0,182.0,0.26627108,3,tree
tree\guy2_tree129.jpg,164.0,55.0,0.5303018,168.0,51.0,0.52205145,160.0,51.0,0.5477367,175.0,54.0,0.6035664,153.0,54.0,0.6177567,182.0,74.0,0.62727076,145.0,78.0,0.5923622,202.0,63.0,0.628806,136.0,67.0,0.6776624,177.0,39.0,0.7315884,160.0,40.0,0.29139346,173.0,158.0,0.6739824,148.0,152.0,0.801332,167.0,211.0,0.68890566,98.0,181.0,0.5859956,162.0,260.0,0.76417327,153.0,184.0,0.31123042,3,tree
tree\guy2_tree131.jpg,167.0,59.0,0.60962063,170.0,54.0,0.7240411,162.0,55.0,0.68749225,176.0,56.0,0.6032401,154.0,58.0,0.6457245,181.0,77.0,0.55550706,147.0,80.0,0.6809685,202.0,58.0,0.7565847,138.0,57.0,0.73325276,177.0,28.0,0.514338,165.0,29.0,0.62555975,176.0,158.0,0.74491274,149.0,154.0,0.7691591,168.0,213.0,0.6275053,101.0,181.0,0.64452326,164.0,262.0,0.61584204,154.0,182.0,0.34996086,3,tree
tree\guy2_tree132.jpg,168.0,62.0,0.46374846,171.0,57.0,0.6239061,163.0,57.0,0.6564591,176.0,59.0,0.5594266,154.0,60.0,0.38380343,182.0,78.0,0.4916132,148.0,81.0,0.6460456,201.0,55.0,0.52858937,140.0,55.0,0.60917115,178.0,27.0,0.45342216,167.0,26.0,0.59906816,176.0,161.0,0.5637956,151.0,155.0,0.7286347,169.0,215.0,0.6439285,102.0,183.0,0.6339356,165.0,263.0,0.64183974,154.0,182.0,0.22401509,3,tree
tree\guy2_tree135.jpg,171.0,69.0,0.63021684,174.0,64.0,0.6617911,165.0,65.0,0.6267318,177.0,66.0,0.5328736,157.0,69.0,0.65374154,183.0,86.0,0.7203055,151.0,87.0,0.67959315,197.0,53.0,0.79292023,145.0,53.0,0.8327255,178.0,23.0,0.4349095,168.0,23.0,0.48496437,178.0,166.0,0.71833193,154.0,159.0,0.85459304,172.0,217.0,0.7544584,105.0,187.0,0.78710186,167.0,266.0,0.64034355,156.0,186.0,0.6092092,3,tree
tree\guy2_tree136.jpg,172.0,71.0,0.5743734,175.0,66.0,0.61304146,166.0,67.0,0.63530964,178.0,68.0,0.48561588,158.0,71.0,0.6075618,184.0,88.0,0.7630602,152.0,89.0,0.8149948,197.0,54.0,0.8596238,148.0,53.0,0.8267515,177.0,25.0,0.4888383,169.0,25.0,0.46970755,179.0,166.0,0.73989385,155.0,160.0,0.83658546,172.0,216.0,0.7717947,107.0,187.0,0.7592864,167.0,266.0,0.6654991,158.0,187.0,0.5970114,3,tree
tree\guy2_tree137.jpg,172.0,75.0,0.49523148,176.0,70.0,0.40401843,167.0,71.0,0.44684452,179.0,72.0,0.6249156,159.0,73.0,0.46649396,183.0,91.0,0.57939446,153.0,92.0,0.68435055,193.0,54.0,0.6397139,152.0,54.0,0.7235478,179.0,33.0,0.32305312,165.0,32.0,0.21866745,181.0,167.0,0.7481542,156.0,161.0,0.7773103,174.0,217.0,0.6546838,108.0,189.0,0.66010493,169.0,268.0,0.78715086,159.0,188.0,0.5552235,3,tree
tree\guy2_tree138.jpg,171.0,75.0,0.73130643,175.0,72.0,0.8099178,166.0,72.0,0.7873446,180.0,74.0,0.8293115,160.0,75.0,0.71066165,185.0,93.0,0.71952754,153.0,94.0,0.7325991,191.0,54.0,0.6528014,153.0,57.0,0.7184147,180.0,37.0,0.24645573,163.0,35.0,0.2622893,180.0,167.0,0.83321714,156.0,161.0,0.6909673,173.0,222.0,0.7041529,109.0,190.0,0.8031105,168.0,268.0,0.8018205,161.0,188.0,0.6530299,3,tree
tree\guy2_tree139.jpg,173.0,78.0,0.6946609,177.0,74.0,0.69281083,168.0,75.0,0.7344437,181.0,77.0,0.77006316,161.0,78.0,0.6275196,187.0,97.0,0.7180854,155.0,96.0,0.67968917,190.0,57.0,0.7111379,156.0,59.0,0.64848614,181.0,40.0,0.24360874,163.0,39.0,0.17532817,181.0,171.0,0.6671694,157.0,165.0,0.787629,174.0,222.0,0.72989786,110.0,192.0,0.80448186,170.0,269.0,0.7288617,161.0,191.0,0.6481218,3,tree
tree\guy2_tree140.jpg,173.0,80.0,0.6902778,176.0,76.0,0.7342128,168.0,76.0,0.70300734,180.0,78.0,0.7535018,161.0,80.0,0.6473137,186.0,98.0,0.7446182,154.0,98.0,0.7242433,189.0,60.0,0.5877359,156.0,61.0,0.620675,180.0,40.0,0.24006021,166.0,39.0,0.12630787,181.0,171.0,0.8306752,157.0,165.0,0.7571416,174.0,224.0,0.7227802,111.0,193.0,0.8170264,170.0,270.0,0.8078706,161.0,192.0,0.657326,3,tree
tree\guy2_tree141.jpg,173.0,82.0,0.58225673,177.0,78.0,0.63120633,169.0,78.0,0.57304823,181.0,80.0,0.74508864,162.0,81.0,0.49549353,187.0,100.0,0.75965905,155.0,100.0,0.75188625,190.0,61.0,0.52958804,158.0,61.0,0.538383,180.0,41.0,0.24149036,167.0,41.0,0.111421525,181.0,173.0,0.7121505,158.0,166.0,0.7624413,174.0,225.0,0.74607515,112.0,194.0,0.7891928,171.0,272.0,0.84183586,162.0,193.0,0.6603147,3,tree
tree\guy2_tree142.jpg,173.0,83.0,0.6895294,177.0,79.0,0.741063,169.0,80.0,0.6761151,181.0,83.0,0.7630938,162.0,82.0,0.46527803,186.0,102.0,0.8262214,155.0,101.0,0.7860374,188.0,64.0,0.70627505,158.0,63.0,0.52610236,180.0,43.0,0.19977295,167.0,43.0,0.10482177,181.0,172.0,0.8481561,158.0,168.0,0.8993288,175.0,226.0,0.841504,112.0,195.0,0.7419322,170.0,272.0,0.8725573,162.0,193.0,0.64720035,3,tree
warrior\girl1_warrior046.jpg,172.0,120.0,0.55900246,181.0,113.0,0.48522747,167.0,112.0,0.609055,190.0,104.0,0.37994015,156.0,98.0,0.6675917,190.0,108.0,0.45912692,140.0,110.0,0.63683444,200.0,92.0,0.2482261,108.0,90.0,0.8420906,199.0,93.0,0.21359873,135.0,82.0,0.24859342,165.0,147.0,0.5268631,131.0,143.0,0.6072049,158.0,216.0,0.292377,119.0,146.0,0.2525864,114.0,142.0,0.19732305,114.0,142.0,0.43523216,4,warrior
warrior\girl1_warrior048.jpg,171.0,122.0,0.5736675,179.0,115.0,0.74484414,165.0,114.0,0.5341537,188.0,104.0,0.41689497,153.0,100.0,0.67081606,189.0,107.0,0.38219887,136.0,109.0,0.6364866,199.0,91.0,0.32664287,107.0,91.0,0.8863091,182.0,89.0,0.17830676,135.0,79.0,0.38551846,165.0,147.0,0.49807167,129.0,144.0,0.45864314,158.0,215.0,0.18354872,120.0,144.0,0.19970116,115.0,138.0,0.114949316,114.0,140.0,0.31452495,4,warrior
warrior\girl1_warrior118.jpg,131.0,98.0,0.7870034,133.0,90.0,0.78970575,127.0,93.0,0.5255459,145.0,80.0,0.690792,128.0,88.0,0.48758823,166.0,92.0,0.6000211,133.0,94.0,0.7172181,160.0,74.0,0.797312,102.0,85.0,0.53005534,130.0,61.0,0.8276454,94.0,83.0,0.25023794,208.0,122.0,0.8410495,191.0,124.0,0.78121346,195.0,191.0,0.9462056,216.0,120.0,0.49158314,201.0,251.0,0.37647176,237.0,117.0,0.675258,4,warrior
warrior\girl1_warrior119.jpg,131.0,98.0,0.66390246,133.0,90.0,0.6266661,126.0,93.0,0.60898966,146.0,81.0,0.5467898,129.0,89.0,0.3239137,165.0,90.0,0.70018274,134.0,98.0,0.7481873,161.0,76.0,0.59300315,105.0,87.0,0.39596027,128.0,60.0,0.64861745,93.0,83.0,0.22728345,208.0,123.0,0.70669,195.0,127.0,0.73362225,195.0,190.0,0.9310707,217.0,119.0,0.48681852,201.0,251.0,0.39604455,240.0,115.0,0.4785406,4,warrior
warrior\girl1_warrior123.jpg,130.0,99.0,0.78103095,132.0,92.0,0.745207,125.0,94.0,0.6610645,142.0,82.0,0.81093526,127.0,87.0,0.60535914,161.0,89.0,0.8590232,132.0,94.0,0.8690347,149.0,73.0,0.74566555,97.0,86.0,0.70043314,120.0,57.0,0.87850785,74.0,80.0,0.18639082,207.0,122.0,0.75878084,194.0,124.0,0.85659933,196.0,190.0,0.9056239,220.0,119.0,0.7875502,203.0,254.0,0.67643726,247.0,115.0,0.7778815,4,warrior
warrior\girl1_warrior125.jpg,129.0,100.0,0.7349179,131.0,93.0,0.66869926,124.0,95.0,0.5603556,141.0,83.0,0.7263927,127.0,87.0,0.62214464,161.0,90.0,0.7303187,132.0,94.0,0.8355431,151.0,77.0,0.59994024,97.0,86.0,0.77223825,122.0,56.0,0.7433107,73.0,80.0,0.19368428,209.0,120.0,0.7863912,195.0,122.0,0.82368493,196.0,189.0,0.87349427,222.0,120.0,0.6110565,204.0,252.0,0.7977245,252.0,113.0,0.8766377,4,warrior
warrior\girl1_warrior128.jpg,127.0,102.0,0.80038476,127.0,95.0,0.6690119,123.0,96.0,0.83998024,137.0,85.0,0.6952524,128.0,88.0,0.49952066,159.0,92.0,0.85941905,132.0,97.0,0.87938,145.0,76.0,0.59367764,98.0,88.0,0.69486266,119.0,56.0,0.7847041,67.0,79.0,0.5604192,207.0,124.0,0.92450505,197.0,127.0,0.86290205,197.0,191.0,0.7465389,222.0,121.0,0.6501819,203.0,254.0,0.80803037,256.0,114.0,0.621739,4,warrior
warrior\girl1_warrior129.jpg,126.0,102.0,0.80392414,127.0,95.0,0.86183757,121.0,96.0,0.6294479,136.0,85.0,0.79114676,125.0,88.0,0.6449528,158.0,91.0,0.81875354,131.0,97.0,0.8268533,145.0,76.0,0.61340106,100.0,90.0,0.7128023,116.0,58.0,0.83346415,68.0,81.0,0.2989074,207.0,124.0,0.8322729,195.0,127.0,0.8471497,195.0,191.0,0.91972315,221.0,122.0,0.732974,203.0,254.0,0.85455775,252.0,116.0,0.530734,4,warrior
warrior\girl1_warrior134.jpg,122.0,106.0,0.6132381,123.0,100.0,0.8253975,117.0,101.0,0.7837228,132.0,89.0,0.6406645,121.0,92.0,0.556461,153.0,94.0,0.7763753,129.0,103.0,0.7204703,133.0,79.0,0.4551393,96.0,94.0,0.6597427,109.0,62.0,0.63516223,68.0,88.0,0.15267119,203.0,126.0,0.9021935,196.0,128.0,0.84392095,193.0,193.0,0.88924515,222.0,122.0,0.6931179,201.0,254.0,0.85929495,255.0,119.0,0.81217885,4,warrior
warrior\girl1_warrior139.jpg,115.0,113.0,0.75309086,116.0,106.0,0.6028214,111.0,108.0,0.804067,125.0,96.0,0.8167911,115.0,99.0,0.68292475,145.0,100.0,0.6424693,122.0,109.0,0.7967317,122.0,85.0,0.38371456,95.0,102.0,0.65928924,100.0,68.0,0.7313994,60.0,94.0,0.34307534,199.0,132.0,0.92752224,191.0,133.0,0.82853514,188.0,197.0,0.80365634,215.0,129.0,0.3995692,196.0,258.0,0.9089446,256.0,118.0,0.5075782,4,warrior
warrior\girl1_warrior143.jpg,110.0,117.0,0.5582014,110.0,111.0,0.6512571,106.0,112.0,0.64771944,118.0,100.0,0.59720755,111.0,103.0,0.5706553,137.0,104.0,0.7390213,117.0,109.0,0.6608852,114.0,87.0,0.33267862,90.0,103.0,0.58726203,91.0,72.0,0.6724029,52.0,98.0,0.3905787,193.0,134.0,0.86528146,187.0,133.0,0.6666428,184.0,200.0,0.86652994,229.0,128.0,0.38368294,192.0,260.0,0.76427317,257.0,125.0,0.25344118,4,warrior
warrior\girl1_warrior144.jpg,108.0,116.0,0.6596446,109.0,110.0,0.73950875,104.0,111.0,0.6847131,119.0,99.0,0.6561027,109.0,102.0,0.43603665,137.0,104.0,0.74301064,115.0,112.0,0.6432121,111.0,90.0,0.28667343,88.0,103.0,0.5945248,89.0,76.0,0.42006114,54.0,98.0,0.27665123,191.0,137.0,0.83048356,183.0,136.0,0.7640291,183.0,200.0,0.82683104,225.0,137.0,0.6713783,191.0,262.0,0.91347444,258.0,128.0,0.6021714,4,warrior
warrior\girl2_warrior078.jpg,144.0,122.0,0.23802051,146.0,122.0,0.30985463,147.0,119.0,0.19350794,146.0,119.0,0.26031137,151.0,115.0,0.2854309,140.0,117.0,0.17093432,143.0,115.0,0.2330952,108.0,94.0,0.2290043,108.0,96.0,0.30257845,170.0,131.0,0.23429728,124.0,121.0,0.16949889,126.0,132.0,0.2652601,123.0,131.0,0.33729964,120.0,199.0,0.45948327,120.0,200.0,0.37880817,119.0,267.0,0.2663074,119.0,268.0,0.52549475,4,warrior
warrior\girl2_warrior094.jpg,181.0,124.0,0.35219997,182.0,120.0,0.18356127,182.0,119.0,0.39097688,172.0,115.0,0.19857734,175.0,115.0,0.50298434,160.0,130.0,0.39744478,165.0,118.0,0.53683364,197.0,129.0,0.20007512,197.0,129.0,0.5087666,191.0,137.0,0.18836355,194.0,130.0,0.28717536,107.0,145.0,0.424119,117.0,134.0,0.61856,114.0,203.0,0.7381923,80.0,129.0,0.20988998,32.0,115.0,0.13814983,34.0,114.0,0.33810902,4,warrior
warrior\girl2_warrior099.jpg,182.0,127.0,0.32649344,183.0,123.0,0.32758516,183.0,122.0,0.500912,176.0,118.0,0.16018286,176.0,118.0,0.44511917,162.0,122.0,0.46882984,165.0,123.0,0.4276493,188.0,126.0,0.32435927,188.0,125.0,0.23304263,207.0,130.0,0.35889167,208.0,131.0,0.58257943,110.0,137.0,0.36038125,115.0,134.0,0.5906788,114.0,201.0,0.6177476,71.0,131.0,0.3242395,19.0,119.0,0.21907029,19.0,119.0,0.47682935,4,warrior
warrior\girl2_warrior109.jpg,199.0,132.0,0.48312092,200.0,127.0,0.57960504,200.0,127.0,0.6209501,194.0,122.0,0.70020944,194.0,122.0,0.69278127,179.0,126.0,0.8852667,180.0,125.0,0.79280555,207.0,124.0,0.36667645,210.0,125.0,0.6274947,223.0,122.0,0.38675505,224.0,123.0,0.6049782,124.0,143.0,0.5966445,125.0,142.0,0.91195107,129.0,198.0,0.7749927,74.0,136.0,0.8390981,120.0,248.0,0.21815637,24.0,128.0,0.42557597,4,warrior
warrior\girl2_warrior112.jpg,208.0,130.0,0.49513784,209.0,126.0,0.5784048,209.0,126.0,0.57191527,202.0,122.0,0.5589208,201.0,122.0,0.604036,186.0,127.0,0.8527137,186.0,127.0,0.77710104,215.0,126.0,0.44243425,217.0,126.0,0.6675211,227.0,124.0,0.35370782,228.0,124.0,0.46643183,130.0,142.0,0.73157877,131.0,140.0,0.8549355,138.0,198.0,0.88836807,77.0,136.0,0.8136833,129.0,246.0,0.16510904,32.0,131.0,0.3466165,4,warrior
warrior\girl2_warrior114.jpg,212.0,130.0,0.47839302,213.0,126.0,0.48111218,212.0,126.0,0.54151565,205.0,121.0,0.3727969,204.0,121.0,0.48208255,188.0,130.0,0.73385346,188.0,127.0,0.44694608,219.0,126.0,0.24982223,220.0,126.0,0.47810405,231.0,124.0,0.17876312,232.0,124.0,0.24337849,134.0,148.0,0.5414875,133.0,142.0,0.5703199,141.0,199.0,0.750705,84.0,140.0,0.3050207,131.0,249.0,0.26795578,83.0,140.0,0.27178806,4,warrior
warrior\girl2_warrior115.jpg,213.0,129.0,0.3926785,214.0,125.0,0.34018022,213.0,125.0,0.5393217,206.0,121.0,0.31770077,205.0,121.0,0.52981395,190.0,129.0,0.819301,191.0,127.0,0.78775144,219.0,129.0,0.2710188,221.0,127.0,0.41467175,229.0,124.0,0.16639939,234.0,124.0,0.25327146,136.0,147.0,0.7467404,136.0,142.0,0.8323585,142.0,199.0,0.7680433,83.0,140.0,0.63548875,134.0,250.0,0.1134541,85.0,141.0,0.14585847,4,warrior
warrior\girl2_warrior117.jpg,211.0,132.0,0.5879867,213.0,128.0,0.71701103,212.0,127.0,0.65133,207.0,123.0,0.69151235,205.0,123.0,0.62749374,191.0,128.0,0.8598255,190.0,127.0,0.85374594,206.0,141.0,0.22899786,223.0,127.0,0.4748275,230.0,125.0,0.3992356,231.0,125.0,0.5556761,138.0,147.0,0.8008435,135.0,144.0,0.83259726,144.0,199.0,0.8498999,85.0,143.0,0.7475104,136.0,250.0,0.66753644,33.0,137.0,0.26660812,4,warrior
warrior\girl2_warrior118.jpg,214.0,131.0,0.4981889,216.0,127.0,0.44569263,215.0,126.0,0.41010416,208.0,122.0,0.47124493,207.0,122.0,0.5983181,190.0,129.0,0.7885463,189.0,128.0,0.7072077,216.0,129.0,0.26849335,221.0,127.0,0.5210577,231.0,124.0,0.3862715,232.0,124.0,0.4546122,137.0,148.0,0.72929096,135.0,144.0,0.63120383,145.0,200.0,0.7431353,84.0,143.0,0.6472957,136.0,252.0,0.47350708,29.0,135.0,0.27031982,4,warrior
warrior\girl2_warrior124.jpg,214.0,134.0,0.4992044,218.0,130.0,0.47174743,216.0,129.0,0.51328844,213.0,124.0,0.25547844,210.0,124.0,0.57823306,195.0,130.0,0.66436327,194.0,128.0,0.6537838,228.0,127.0,0.14589319,228.0,128.0,0.4044745,239.0,124.0,0.15677369,240.0,124.0,0.3174425,138.0,150.0,0.49865067,136.0,144.0,0.7061003,146.0,201.0,0.7724471,80.0,147.0,0.46105173,138.0,255.0,0.6800023,24.0,143.0,0.38831332,4,warrior
warrior\girl2_warrior127.jpg,217.0,131.0,0.37806475,219.0,126.0,0.45316035,217.0,126.0,0.5317417,212.0,125.0,0.21955982,209.0,124.0,0.53303826,194.0,132.0,0.62895423,190.0,132.0,0.4671944,228.0,127.0,0.22086889,228.0,130.0,0.33703625,235.0,122.0,0.29003853,236.0,126.0,0.16732019,140.0,153.0,0.5159334,136.0,147.0,0.5794451,146.0,204.0,0.7718016,77.0,149.0,0.46972248,137.0,256.0,0.27114064,81.0,149.0,0.16622734,4,warrior
warrior\girl2_warrior128.jpg,218.0,130.0,0.34563878,219.0,126.0,0.46703807,218.0,126.0,0.5223384,211.0,124.0,0.22040695,209.0,123.0,0.50371,191.0,131.0,0.71662676,189.0,132.0,0.6931775,228.0,126.0,0.22857606,228.0,130.0,0.31715432,238.0,121.0,0.2685929,237.0,123.0,0.1988836,138.0,150.0,0.71528053,136.0,146.0,0.6934929,145.0,205.0,0.7682332,79.0,150.0,0.6369179,136.0,257.0,0.121044934,78.0,150.0,0.16140035,4,warrior
warrior\girl2_warrior130.jpg,216.0,126.0,0.2938496,217.0,120.0,0.29412884,215.0,119.0,0.2911244,207.0,119.0,0.26903188,205.0,118.0,0.38685045,190.0,133.0,0.6306596,189.0,133.0,0.6924727,224.0,131.0,0.18580505,225.0,132.0,0.2766254,230.0,130.0,0.23555967,230.0,132.0,0.25867873,137.0,155.0,0.7345618,135.0,151.0,0.795225,145.0,205.0,0.7168615,77.0,151.0,0.6993603,135.0,259.0,0.23177794,78.0,151.0,0.20005947,4,warrior
warrior\girl2_warrior142.jpg,225.0,142.0,0.5117081,226.0,138.0,0.58080363,226.0,138.0,0.63126403,218.0,135.0,0.6855308,218.0,135.0,0.69319284,200.0,140.0,0.70618784,198.0,143.0,0.83778334,234.0,132.0,0.51747286,234.0,142.0,0.7091104,253.0,130.0,0.7973889,251.0,134.0,0.4094835,139.0,163.0,0.52018094,137.0,159.0,0.87999094,151.0,213.0,0.81884,76.0,158.0,0.5776132,138.0,266.0,0.8004956,20.0,154.0,0.18954518,4,warrior
warrior\girl2_warrior144.jpg,227.0,145.0,0.4606585,228.0,140.0,0.6454483,228.0,140.0,0.66751635,221.0,136.0,0.62229884,221.0,135.0,0.6686532,201.0,143.0,0.7075543,199.0,142.0,0.79711705,235.0,136.0,0.4613959,237.0,142.0,0.6196295,251.0,131.0,0.6767062,252.0,135.0,0.48174822,143.0,164.0,0.6468106,141.0,160.0,0.5956653,153.0,216.0,0.7064854,80.0,163.0,0.5647081,140.0,270.0,0.7702738,80.0,164.0,0.12180349,4,warrior
warrior\girl2_warrior147.jpg,233.0,144.0,0.6117481,234.0,140.0,0.59623396,234.0,140.0,0.55958724,226.0,133.0,0.61463255,226.0,132.0,0.78555286,206.0,136.0,0.709568,203.0,138.0,0.8730171,238.0,133.0,0.3601963,239.0,140.0,0.75771874,251.0,127.0,0.8006456,253.0,131.0,0.4424497,148.0,166.0,0.75040025,143.0,162.0,0.7137447,158.0,217.0,0.8345283,85.0,176.0,0.7505909,144.0,272.0,0.66245407,30.0,169.0,0.30252826,4,warrior
warrior\girl2_warrior148.jpg,234.0,143.0,0.49076024,234.0,138.0,0.5433415,233.0,138.0,0.70391357,226.0,132.0,0.78181684,225.0,132.0,0.7770511,206.0,135.0,0.8363378,202.0,136.0,0.8566844,238.0,134.0,0.42257747,238.0,137.0,0.5903609,251.0,127.0,0.6102687,252.0,129.0,0.2634298,149.0,167.0,0.7238181,144.0,163.0,0.8918099,160.0,218.0,0.852749,87.0,179.0,0.7136961,146.0,272.0,0.7387287,31.0,173.0,0.3774029,4,warrior
warrior\girl2_warrior149.jpg,234.0,140.0,0.5025851,235.0,136.0,0.6317104,234.0,135.0,0.5293875,228.0,129.0,0.7179086,227.0,128.0,0.77882445,209.0,134.0,0.7764225,204.0,136.0,0.7699032,242.0,129.0,0.27942112,241.0,133.0,0.53605723,256.0,121.0,0.47357753,257.0,125.0,0.43570727,152.0,169.0,0.6706233,145.0,164.0,0.78365296,161.0,219.0,0.8499638,89.0,182.0,0.6648914,147.0,273.0,0.83404636,34.0,179.0,0.56166834,4,warrior
warrior\girl3_warrior050.jpg,183.0,239.0,0.2622658,191.0,243.0,0.41171536,184.0,243.0,0.31161362,191.0,230.0,0.41630992,175.0,234.0,0.26819375,192.0,208.0,0.57765526,150.0,221.0,0.4686203,191.0,162.0,0.56052554,116.0,198.0,0.6174599,159.0,176.0,0.23069477,130.0,167.0,0.2800739,176.0,193.0,0.12266341,145.0,190.0,0.108618915,118.0,198.0,0.13859022,118.0,196.0,0.14244744,135.0,166.0,0.17779851,131.0,166.0,0.34627724,4,warrior
warrior\girl3_warrior085.jpg,140.0,232.0,0.49420962,144.0,230.0,0.3296094,135.0,231.0,0.33355775,154.0,216.0,0.5336059,130.0,218.0,0.46314865,162.0,194.0,0.2958299,122.0,198.0,0.41337523,186.0,162.0,0.3519578,111.0,186.0,0.18156481,173.0,178.0,0.27032468,105.0,182.0,0.3071601,155.0,158.0,0.28607377,129.0,154.0,0.55060714,154.0,124.0,0.12194407,123.0,126.0,0.48854563,152.0,81.0,0.12332758,125.0,75.0,0.49033898,4,warrior
warrior\girl3_warrior119.jpg,124.0,215.0,0.18369743,125.0,220.0,0.28438962,115.0,219.0,0.4746163,135.0,210.0,0.3321476,112.0,207.0,0.30782682,148.0,191.0,0.6375289,112.0,179.0,0.60908604,149.0,221.0,0.67514706,90.0,209.0,0.8399421,148.0,231.0,0.16971225,75.0,231.0,0.5972954,176.0,153.0,0.18244764,153.0,143.0,0.30724818,150.0,218.0,0.118902266,151.0,127.0,0.537453,153.0,229.0,0.100664556,150.0,222.0,0.10858011,4,warrior
warrior\girl3_warrior125.jpg,118.0,215.0,0.23205036,121.0,219.0,0.42681083,112.0,217.0,0.4658203,131.0,210.0,0.38193324,107.0,206.0,0.486596,145.0,193.0,0.5305226,107.0,180.0,0.5521468,144.0,226.0,0.3334989,87.0,207.0,0.7391113,140.0,235.0,0.22240996,68.0,232.0,0.853196,167.0,153.0,0.49542242,149.0,140.0,0.45826554,165.0,98.0,0.42115808,162.0,103.0,0.72054785,160.0,216.0,0.2664361,160.0,216.0,0.21898836,4,warrior
warrior\girl3_warrior127.jpg,114.0,213.0,0.175109,115.0,217.0,0.3491034,110.0,216.0,0.46382144,126.0,207.0,0.34787872,108.0,207.0,0.34395337,142.0,189.0,0.5338345,107.0,180.0,0.55865586,144.0,217.0,0.3592668,85.0,208.0,0.7253877,135.0,247.0,0.39748907,63.0,233.0,0.7822057,167.0,151.0,0.40706712,151.0,145.0,0.49321508,165.0,102.0,0.4556858,153.0,122.0,0.28962985,161.0,213.0,0.21235397,178.0,69.0,0.18979654,4,warrior
warrior\girl3_warrior129.jpg,112.0,215.0,0.34478703,115.0,216.0,0.45901895,108.0,215.0,0.47114086,126.0,206.0,0.5072886,105.0,205.0,0.4899003,142.0,191.0,0.6692284,105.0,180.0,0.43681154,139.0,218.0,0.61288995,82.0,207.0,0.8204247,129.0,252.0,0.73530906,57.0,231.0,0.7233585,169.0,157.0,0.4811277,149.0,144.0,0.59812427,167.0,103.0,0.25319052,157.0,119.0,0.37545294,179.0,69.0,0.19217345,179.0,70.0,0.2488169,4,warrior
warrior\girl3_warrior138.jpg,105.0,209.0,0.31619817,107.0,212.0,0.39743993,101.0,210.0,0.41076115,117.0,205.0,0.44206822,98.0,202.0,0.4274905,137.0,193.0,0.6877911,99.0,178.0,0.66210604,133.0,222.0,0.79965985,75.0,204.0,0.6206083,119.0,250.0,0.7396869,51.0,227.0,0.68087643,165.0,158.0,0.47898543,148.0,141.0,0.667436,160.0,185.0,0.12241855,155.0,123.0,0.37828398,184.0,72.0,0.14126214,184.0,76.0,0.23674673,4,warrior
warrior\girl3_warrior142.jpg,103.0,209.0,0.28324494,104.0,211.0,0.39052713,98.0,209.0,0.38399187,114.0,203.0,0.39154768,94.0,202.0,0.42713284,135.0,194.0,0.5413751,95.0,175.0,0.63931936,129.0,222.0,0.7213248,72.0,203.0,0.7427846,115.0,248.0,0.7702427,46.0,227.0,0.7550145,162.0,159.0,0.638054,146.0,142.0,0.67330295,154.0,197.0,0.27264476,155.0,124.0,0.5730609,183.0,79.0,0.14973,183.0,82.0,0.27007872,4,warrior
warrior\girl3_warrior146.jpg,95.0,205.0,0.40601432,98.0,205.0,0.3865415,92.0,203.0,0.5945139,111.0,198.0,0.45987082,91.0,193.0,0.53629994,133.0,192.0,0.7134055,93.0,170.0,0.7244291,122.0,217.0,0.7967935,72.0,193.0,0.57683843,107.0,244.0,0.7724794,43.0,216.0,0.62547505,161.0,161.0,0.63712144,145.0,142.0,0.80256236,153.0,194.0,0.47058645,167.0,110.0,0.59467334,190.0,74.0,0.17178479,191.0,76.0,0.4330818,4,warrior
warrior\girl3_warrior148.jpg,95.0,199.0,0.35492444,98.0,198.0,0.4023828,92.0,198.0,0.48857158,109.0,192.0,0.49712583,91.0,188.0,0.34271026,132.0,185.0,0.59652454,91.0,166.0,0.5640162,119.0,209.0,0.72723925,69.0,186.0,0.4713711,104.0,238.0,0.712515,42.0,207.0,0.42006916,160.0,159.0,0.5900522,147.0,140.0,0.7060684,153.0,197.0,0.4982414,170.0,112.0,0.48156175,155.0,215.0,0.2666192,194.0,81.0,0.583739,4,warrior
warrior\girl3_warrior149.jpg,100.0,196.0,0.37845993,102.0,197.0,0.5116267,96.0,196.0,0.4524507,111.0,190.0,0.54843205,94.0,185.0,0.4398508,134.0,184.0,0.67926717,94.0,163.0,0.6447471,120.0,204.0,0.8172249,70.0,184.0,0.63866997,104.0,232.0,0.8327271,47.0,201.0,0.6010016,161.0,161.0,0.46711513,150.0,140.0,0.66135275,154.0,193.0,0.5694061,171.0,113.0,0.5257788,156.0,214.0,0.5581449,197.0,84.0,0.36311442,4,warrior
warrior\girl3_warrior150.jpg,104.0,191.0,0.3325173,107.0,190.0,0.44316447,98.0,191.0,0.34682715,115.0,183.0,0.4788149,95.0,180.0,0.36429292,135.0,180.0,0.4932362,95.0,160.0,0.3827802,120.0,199.0,0.8764669,68.0,179.0,0.5129526,104.0,226.0,0.73769665,45.0,196.0,0.2945708,161.0,157.0,0.54662603,147.0,140.0,0.7131603,154.0,193.0,0.58174664,171.0,115.0,0.4307031,155.0,213.0,0.44036743,196.0,90.0,0.576049,4,warrior
warrior\guy1_warrior044.jpg,175.0,116.0,0.72219235,180.0,112.0,0.50486815,172.0,110.0,0.79154706,181.0,106.0,0.43291268,160.0,100.0,0.6631274,176.0,116.0,0.64275277,131.0,106.0,0.8220059,208.0,111.0,0.22455347,91.0,89.0,0.81215644,216.0,111.0,0.12639913,92.0,111.0,0.8317845,128.0,148.0,0.79586816,105.0,138.0,0.9194569,124.0,198.0,0.9174377,75.0,143.0,0.84874046,115.0,251.0,0.86037123,51.0,136.0,0.85616755,4,warrior
warrior\guy1_warrior099.jpg,178.0,87.0,0.7350211,184.0,80.0,0.7027448,173.0,81.0,0.6918551,194.0,72.0,0.59765154,165.0,72.0,0.64996564,207.0,80.0,0.7664968,152.0,83.0,0.8389243,248.0,82.0,0.807233,112.0,86.0,0.63542736,230.0,68.0,0.7092263,121.0,74.0,0.7474401,196.0,136.0,0.8853928,167.0,137.0,0.876269,190.0,192.0,0.8984016,171.0,153.0,0.55506766,187.0,248.0,0.5581865,175.0,148.0,0.7041168,4,warrior
warrior\guy1_warrior100.jpg,178.0,86.0,0.7704054,185.0,78.0,0.73869896,173.0,79.0,0.70828795,193.0,69.0,0.68365085,166.0,71.0,0.6157799,209.0,79.0,0.7847737,152.0,81.0,0.9306216,247.0,77.0,0.9307405,115.0,82.0,0.9042939,230.0,61.0,0.911044,120.0,68.0,0.7343262,199.0,136.0,0.820941,169.0,138.0,0.9434773,192.0,191.0,0.93727314,174.0,149.0,0.6755908,190.0,246.0,0.6881686,179.0,149.0,0.69145155,4,warrior
warrior\guy1_warrior101.jpg,179.0,84.0,0.6124483,185.0,77.0,0.6528821,174.0,77.0,0.6414208,195.0,68.0,0.56516445,166.0,71.0,0.5378934,209.0,78.0,0.8548256,157.0,80.0,0.843478,244.0,73.0,0.7747376,121.0,77.0,0.81759846,230.0,54.0,0.7248474,121.0,59.0,0.342152,202.0,138.0,0.7978121,174.0,139.0,0.8868555,195.0,191.0,0.8438097,179.0,152.0,0.36760417,192.0,249.0,0.3953044,184.0,149.0,0.64890176,4,warrior
warrior\guy1_warrior104.jpg,180.0,78.0,0.73403734,186.0,70.0,0.68591523,174.0,71.0,0.4883716,195.0,61.0,0.4186408,167.0,65.0,0.4837649,210.0,72.0,0.7157827,161.0,74.0,0.77132666,233.0,56.0,0.8317857,133.0,65.0,0.59510875,225.0,33.0,0.6599206,119.0,45.0,0.5519902,211.0,133.0,0.83944154,179.0,134.0,0.75254565,203.0,191.0,0.84204924,181.0,135.0,0.2718928,200.0,249.0,0.23918536,193.0,144.0,0.5484319,4,warrior
warrior\guy1_warrior105.jpg,179.0,75.0,0.65088797,185.0,67.0,0.72412324,174.0,69.0,0.7715245,196.0,59.0,0.6838931,167.0,62.0,0.6967392,209.0,71.0,0.7455323,160.0,71.0,0.89187264,229.0,49.0,0.8227872,134.0,61.0,0.8365629,220.0,24.0,0.75852966,115.0,36.0,0.70804924,214.0,131.0,0.8303783,182.0,132.0,0.76305556,205.0,190.0,0.8629683,184.0,131.0,0.40749004,204.0,247.0,0.33699784,191.0,134.0,0.3122091,4,warrior
warrior\guy1_warrior128.jpg,72.0,55.0,0.6226537,77.0,46.0,0.59879315,66.0,48.0,0.60251844,95.0,32.0,0.67574453,71.0,39.0,0.32452315,126.0,40.0,0.6224687,77.0,52.0,0.612775,92.0,9.0,0.46868134,25.0,41.0,0.63924456,73.0,8.0,0.2054613,24.0,40.0,0.1300208,196.0,96.0,0.88986754,173.0,104.0,0.8209814,187.0,182.0,0.8110117,216.0,109.0,0.6055981,188.0,275.0,0.7944932,261.0,109.0,0.8699354,4,warrior
warrior\guy1_warrior130.jpg,56.0,59.0,0.5811745,60.0,50.0,0.58358693,51.0,52.0,0.52973837,77.0,36.0,0.5530241,56.0,42.0,0.3238724,109.0,43.0,0.6196823,66.0,55.0,0.52258915,73.0,15.0,0.47678873,17.0,48.0,0.46728012,50.0,8.0,0.16545367,7.0,42.0,0.13734332,186.0,100.0,0.8515808,168.0,105.0,0.6808221,181.0,189.0,0.75543976,221.0,108.0,0.6908932,181.0,276.0,0.85531706,266.0,108.0,0.8776961,4,warrior
warrior\guy2_warrior044.jpg,247.0,211.0,0.3776194,253.0,208.0,0.5007979,248.0,210.0,0.40054977,251.0,191.0,0.46694848,238.0,195.0,0.64787173,241.0,160.0,0.8364696,205.0,186.0,0.4320446,230.0,119.0,0.70676315,149.0,160.0,0.6233874,189.0,134.0,0.6355663,184.0,177.0,0.26438126,181.0,161.0,0.5059319,162.0,163.0,0.5784583,169.0,214.0,0.11483288,110.0,149.0,0.37253195,71.0,115.0,0.37979174,71.0,115.0,0.23324761,4,warrior
warrior\guy2_warrior048.jpg,243.0,219.0,0.2004408,247.0,216.0,0.36179608,244.0,222.0,0.34917983,247.0,201.0,0.4249745,233.0,219.0,0.40556306,236.0,165.0,0.69442177,200.0,194.0,0.213579,232.0,125.0,0.735121,147.0,164.0,0.41420925,191.0,137.0,0.5585537,178.0,181.0,0.18559054,178.0,159.0,0.33472824,159.0,159.0,0.3902431,119.0,140.0,0.20818803,143.0,161.0,0.12876227,83.0,103.0,0.17484602,83.0,103.0,0.27610105,4,warrior
warrior\guy2_warrior054.jpg,228.0,223.0,0.31565225,232.0,221.0,0.42868027,227.0,225.0,0.4350652,236.0,205.0,0.4969776,219.0,217.0,0.51004946,230.0,172.0,0.80447185,179.0,195.0,0.51970476,231.0,128.0,0.5927727,143.0,159.0,0.59894645,191.0,135.0,0.6644252,144.0,161.0,0.11241928,176.0,148.0,0.35127693,149.0,152.0,0.3512963,128.0,124.0,0.22661304,126.0,125.0,0.3605357,101.0,88.0,0.10330877,100.0,87.0,0.3948121,4,warrior
warrior\guy2_warrior057.jpg,224.0,220.0,0.4124027,228.0,219.0,0.3825855,223.0,223.0,0.5022389,229.0,203.0,0.39881167,214.0,214.0,0.50468826,226.0,171.0,0.7496993,180.0,191.0,0.6517051,232.0,127.0,0.54874635,142.0,155.0,0.5534907,189.0,135.0,0.5754472,139.0,152.0,0.14814961,167.0,143.0,0.449825,149.0,144.0,0.4305465,140.0,152.0,0.13114789,129.0,119.0,0.15010947,106.0,80.0,0.43036255,107.0,80.0,0.57050216,4,warrior
warrior\guy2_warrior059.jpg,223.0,221.0,0.36516666,227.0,218.0,0.51711226,221.0,222.0,0.38101357,228.0,199.0,0.4660696,211.0,211.0,0.40494597,224.0,169.0,0.7580595,178.0,188.0,0.6018559,229.0,126.0,0.5528179,141.0,152.0,0.5395967,189.0,132.0,0.6228343,140.0,150.0,0.10899186,172.0,139.0,0.47188723,149.0,140.0,0.36574203,140.0,149.0,0.11319274,127.0,108.0,0.3235907,106.0,77.0,0.34620416,107.0,76.0,0.42092627,4,warrior
warrior\guy2_warrior060.jpg,220.0,219.0,0.424378,224.0,217.0,0.51453984,217.0,220.0,0.4380332,228.0,200.0,0.4287329,207.0,210.0,0.49389654,222.0,169.0,0.70134073,177.0,187.0,0.74691033,228.0,126.0,0.54928714,140.0,152.0,0.68135977,188.0,131.0,0.5040814,156.0,118.0,0.41549268,170.0,139.0,0.56529045,146.0,141.0,0.5409242,139.0,150.0,0.12392235,126.0,107.0,0.37367266,106.0,74.0,0.36795568,108.0,75.0,0.36414245,4,warrior
warrior\guy2_warrior063.jpg,216.0,215.0,0.45451984,221.0,215.0,0.51358485,215.0,218.0,0.5275938,224.0,199.0,0.5286125,206.0,209.0,0.6248495,220.0,167.0,0.8523862,175.0,186.0,0.79697216,224.0,125.0,0.5963701,138.0,153.0,0.7608182,186.0,131.0,0.63045776,155.0,118.0,0.4823566,160.0,139.0,0.5566037,140.0,138.0,0.6047189,136.0,149.0,0.14047241,121.0,106.0,0.46307707,99.0,72.0,0.39724728,101.0,72.0,0.41486698,4,warrior
warrior\guy2_warrior065.jpg,217.0,218.0,0.33281493,220.0,217.0,0.35319406,217.0,222.0,0.49804378,220.0,202.0,0.4543636,210.0,214.0,0.48347282,218.0,167.0,0.73419607,176.0,191.0,0.7176195,221.0,126.0,0.6454899,139.0,156.0,0.7138477,181.0,132.0,0.4007517,152.0,122.0,0.32119995,164.0,141.0,0.44394684,143.0,144.0,0.46756372,122.0,116.0,0.17877957,122.0,116.0,0.22137567,95.0,75.0,0.34838715,96.0,75.0,0.47255215,4,warrior
warrior\guy2_warrior066.jpg,216.0,216.0,0.35296738,221.0,216.0,0.49887604,217.0,219.0,0.33787715,222.0,202.0,0.44719455,209.0,211.0,0.46702173,217.0,169.0,0.65570176,177.0,188.0,0.5455053,220.0,125.0,0.6132755,138.0,158.0,0.61534834,179.0,133.0,0.53235966,151.0,123.0,0.39455312,167.0,142.0,0.4882983,145.0,146.0,0.41032663,118.0,116.0,0.26886946,117.0,120.0,0.18342006,90.0,76.0,0.37634176,91.0,76.0,0.35624582,4,warrior
warrior\guy2_warrior068.jpg,222.0,213.0,0.34835613,226.0,213.0,0.3783226,223.0,216.0,0.41753078,222.0,199.0,0.47071287,214.0,211.0,0.32685757,216.0,165.0,0.7672115,180.0,189.0,0.5828665,216.0,123.0,0.69905674,142.0,162.0,0.68596125,176.0,134.0,0.603435,140.0,160.0,0.1142517,161.0,142.0,0.33344334,143.0,149.0,0.34912324,113.0,115.0,0.22121811,111.0,113.0,0.2946337,81.0,77.0,0.26385218,82.0,78.0,0.28454965,4,warrior
warrior\guy2_warrior070.jpg,225.0,209.0,0.27474517,229.0,208.0,0.4087226,226.0,213.0,0.45431605,228.0,196.0,0.3582606,218.0,207.0,0.33655918,218.0,159.0,0.75042635,184.0,187.0,0.41430086,215.0,119.0,0.67761636,146.0,165.0,0.42598712,177.0,136.0,0.55995214,151.0,211.0,0.5108928,157.0,137.0,0.45874816,140.0,146.0,0.4960797,105.0,114.0,0.33868617,105.0,117.0,0.21438497,74.0,80.0,0.2595316,75.0,81.0,0.24917689,4,warrior
warrior\guy2_warrior071.jpg,224.0,205.0,0.30879536,229.0,203.0,0.4509902,225.0,207.0,0.29771185,229.0,192.0,0.33534837,218.0,204.0,0.44999492,219.0,156.0,0.6733744,185.0,183.0,0.4151169,212.0,116.0,0.63850087,151.0,187.0,0.37071273,179.0,135.0,0.5385319,150.0,209.0,0.7607281,156.0,133.0,0.47082838,142.0,147.0,0.41048494,102.0,113.0,0.49906635,103.0,122.0,0.16732982,68.0,81.0,0.396117,69.0,81.0,0.20690009,4,warrior
warrior\guy2_warrior072.jpg,225.0,200.0,0.2662572,229.0,199.0,0.4207453,227.0,202.0,0.42609504,228.0,188.0,0.36888683,220.0,198.0,0.40302846,218.0,154.0,0.6750592,188.0,182.0,0.38728788,210.0,115.0,0.5801726,153.0,181.0,0.34710103,179.0,137.0,0.36668262,149.0,206.0,0.6061742,154.0,136.0,0.43557513,140.0,144.0,0.44896337,100.0,114.0,0.51301813,102.0,121.0,0.16475448,66.0,83.0,0.45737427,66.0,83.0,0.18797797,4,warrior
warrior\guy2_warrior076.jpg,230.0,179.0,0.19413683,237.0,177.0,0.36668816,235.0,183.0,0.44634417,235.0,165.0,0.3565495,229.0,181.0,0.35326687,218.0,135.0,0.73179793,196.0,172.0,0.3457154,204.0,101.0,0.43077564,154.0,172.0,0.39909685,185.0,131.0,0.36570203,148.0,198.0,0.760668,155.0,124.0,0.5018617,141.0,134.0,0.4493508,96.0,113.0,0.19652393,93.0,115.0,0.48487344,53.0,83.0,0.22931266,53.0,82.0,0.26885897,4,warrior
warrior\guy2_warrior077.jpg,234.0,173.0,0.23913589,240.0,169.0,0.3699578,238.0,176.0,0.24705368,236.0,160.0,0.3767651,231.0,177.0,0.32748908,218.0,131.0,0.5313387,197.0,168.0,0.45719367,203.0,98.0,0.49832237,153.0,172.0,0.31938347,188.0,128.0,0.3094517,148.0,195.0,0.6410512,154.0,122.0,0.53731996,141.0,134.0,0.4494948,97.0,114.0,0.18818519,93.0,114.0,0.5244078,52.0,81.0,0.40862817,52.0,81.0,0.38575476,4,warrior
warrior\guy2_warrior079.jpg,235.0,168.0,0.24938902,241.0,163.0,0.3794869,240.0,168.0,0.44662073,238.0,154.0,0.24412096,233.0,167.0,0.49821097,219.0,124.0,0.6607675,198.0,159.0,0.42214215,204.0,92.0,0.630707,155.0,164.0,0.26391083,190.0,124.0,0.3896668,147.0,191.0,0.64524806,155.0,119.0,0.38639835,143.0,130.0,0.4712268,93.0,108.0,0.15207452,89.0,109.0,0.5716988,147.0,191.0,0.31778198,47.0,79.0,0.61999637,4,warrior
warrior\guy2_warrior094.jpg,230.0,166.0,0.5268535,236.0,162.0,0.46731135,225.0,163.0,0.51695234,241.0,142.0,0.31717092,212.0,146.0,0.56109387,230.0,101.0,0.47956845,167.0,122.0,0.60732657,268.0,97.0,0.55064464,112.0,170.0,0.81283486,254.0,133.0,0.26342505,161.0,194.0,0.3593846,145.0,85.0,0.34210044,119.0,88.0,0.5640693,66.0,59.0,0.11954817,63.0,59.0,0.5347098,23.0,16.0,0.19589117,22.0,16.0,0.41525048,4,warrior
warrior\guy2_warrior095.jpg,225.0,162.0,0.5308484,232.0,157.0,0.4762528,221.0,158.0,0.4720135,234.0,133.0,0.45172542,203.0,142.0,0.5665635,223.0,96.0,0.52982575,159.0,116.0,0.44589683,268.0,97.0,0.70992565,112.0,162.0,0.6669575,248.0,145.0,0.2599911,157.0,194.0,0.43808943,142.0,79.0,0.29932135,112.0,82.0,0.5583021,63.0,51.0,0.13300282,62.0,55.0,0.5242432,125.0,207.0,0.33866444,22.0,12.0,0.51069385,4,warrior
warrior\guy2_warrior096.jpg,213.0,147.0,0.42812133,220.0,143.0,0.32236215,211.0,145.0,0.49666303,221.0,120.0,0.49501973,195.0,133.0,0.5430276,215.0,87.0,0.7740514,153.0,106.0,0.6215694,266.0,95.0,0.80309594,113.0,156.0,0.76820314,250.0,151.0,0.6589522,156.0,194.0,0.5203792,137.0,73.0,0.46317244,109.0,79.0,0.5511135,64.0,49.0,0.10144365,61.0,52.0,0.50295395,125.0,203.0,0.31476754,25.0,11.0,0.4787308,4,warrior
warrior\guy2_warrior098.jpg,203.0,135.0,0.3567618,211.0,132.0,0.46050277,199.0,135.0,0.41710177,214.0,114.0,0.4402637,186.0,120.0,0.38134995,210.0,85.0,0.57508373,147.0,100.0,0.7303262,260.0,98.0,0.802113,119.0,148.0,0.85430634,254.0,159.0,0.4929635,161.0,195.0,0.54752314,134.0,72.0,0.3430074,110.0,79.0,0.5438339,73.0,54.0,0.12500665,67.0,54.0,0.51858246,122.0,201.0,0.3616385,33.0,14.0,0.46465984,4,warrior
warrior\guy2_warrior100.jpg,191.0,128.0,0.36226988,202.0,127.0,0.39813772,190.0,128.0,0.4858412,207.0,111.0,0.3611382,179.0,115.0,0.44186223,207.0,89.0,0.5854475,146.0,102.0,0.6356218,256.0,104.0,0.5542935,132.0,147.0,0.65699005,262.0,158.0,0.50040746,171.0,197.0,0.47083575,133.0,76.0,0.39643794,112.0,81.0,0.4667288,132.0,141.0,0.15031695,72.0,55.0,0.4270562,124.0,200.0,0.3691751,44.0,22.0,0.4964812,4,warrior
warrior\guy2_warrior102.jpg,193.0,129.0,0.3316309,201.0,127.0,0.44276586,191.0,130.0,0.35633266,201.0,110.0,0.34730563,175.0,118.0,0.47844204,201.0,89.0,0.5257388,146.0,110.0,0.4084541,250.0,111.0,0.68625164,144.0,149.0,0.49270347,267.0,159.0,0.46499348,182.0,189.0,0.413992,132.0,76.0,0.37935185,109.0,85.0,0.2756908,85.0,59.0,0.14421186,79.0,59.0,0.34772217,124.0,202.0,0.28839618,54.0,27.0,0.49682862,4,warrior
warrior\guy2_warrior105.jpg,187.0,140.0,0.3134712,193.0,137.0,0.49010548,183.0,139.0,0.50352097,198.0,119.0,0.41399312,170.0,126.0,0.37713942,201.0,99.0,0.58668154,146.0,118.0,0.48288584,245.0,119.0,0.80126774,149.0,145.0,0.34329998,266.0,146.0,0.12007305,179.0,179.0,0.6272083,138.0,81.0,0.6542505,112.0,89.0,0.65716505,137.0,154.0,0.17390227,86.0,67.0,0.56434727,129.0,209.0,0.3512177,63.0,37.0,0.66873544,4,warrior
warrior\guy2_warrior108.jpg,185.0,154.0,0.2934239,191.0,151.0,0.37860364,182.0,153.0,0.41645145,196.0,135.0,0.31201813,169.0,138.0,0.3651765,202.0,115.0,0.5409763,146.0,127.0,0.6768131,237.0,132.0,0.7079532,141.0,173.0,0.34235132,263.0,153.0,0.23132268,170.0,180.0,0.21258911,142.0,95.0,0.5492546,119.0,102.0,0.4125307,141.0,168.0,0.22134894,98.0,81.0,0.5037237,135.0,220.0,0.2623751,78.0,52.0,0.6545652,4,warrior
warrior\guy2_warrior113.jpg,183.0,177.0,0.33310592,190.0,172.0,0.4147821,179.0,173.0,0.37073764,195.0,157.0,0.34310699,167.0,159.0,0.38895315,202.0,142.0,0.29973912,147.0,152.0,0.55196613,232.0,159.0,0.75293255,148.0,171.0,0.52888185,253.0,179.0,0.13876909,159.0,200.0,0.43812352,154.0,117.0,0.514185,130.0,121.0,0.47011188,118.0,102.0,0.26388863,116.0,105.0,0.3874715,102.0,79.0,0.343665,102.0,79.0,0.48003024,4,warrior
warrior\guy2_warrior123.jpg,183.0,196.0,0.5143703,187.0,190.0,0.48194367,178.0,191.0,0.55211973,193.0,175.0,0.5517453,166.0,177.0,0.4589447,199.0,161.0,0.68846536,147.0,172.0,0.4276857,223.0,178.0,0.5953511,142.0,198.0,0.3541863,237.0,193.0,0.14468205,149.0,228.0,0.14572066,166.0,146.0,0.5680419,139.0,151.0,0.28970122,136.0,127.0,0.42376685,141.0,179.0,0.19773299,127.0,106.0,0.3455436,127.0,106.0,0.5097734,4,warrior
warrior\guy2_warrior150.jpg,136.0,104.0,0.40975806,143.0,98.0,0.49531242,132.0,99.0,0.47603023,151.0,85.0,0.45768124,124.0,85.0,0.442436,157.0,92.0,0.47052243,113.0,90.0,0.55089957,175.0,81.0,0.4704022,99.0,82.0,0.2409825,194.0,63.0,0.7256413,92.0,64.0,0.33091414,143.0,143.0,0.48038137,118.0,137.0,0.2175923,136.0,200.0,0.26044855,110.0,147.0,0.10237029,107.0,149.0,0.26088375,107.0,149.0,0.22036448,4,warrior
